Fly_index,Stimulation,Fly_line,Experiment,Slope[mm/sÂ²],Backward distance traveled [mm],Vmin [mm/s]
0,on0,M0MDN3-CWAF22,M0MDN3-CWAF22_200714_092939_s0a0_p6-0,-25.314935006599956,-10.329281052815988,-6.757353438223037
1,on0,M0MDN3-CWAF22,M0MDN3-CWAF32_200724_140800_s0a0_p6-0,-54.134185706365955,-15.485548915351133,-7.219680935201242
2,on0,M0MDN3-CWAF22,M0MDN3-CWAF32_200807_083200_s0a0_p6-0,-2.8734680079873667,-13.576043660830392,-5.6574417687027205
3,on0,M0MDN3-CWAF22,M0MDN3-CWAF32_200820_092201_s0a0_p6-0,-38.925462861256186,-17.140357541727482,-9.168206426874258
4,on0,M0MDN3-CWAF22,M0MDN3-CWAF38_200807_094503_s0a0_p6-0,-51.670524365199974,-6.032546508927811,-10.676410747881489
5,on0,M0MDN3-CWAF22,M0MDN3-CWAF38_200820_103603_s0a0_p6-0,-43.40254076959421,-12.8125099136052,-9.317136970281435
6,on0,M0MDN3-CWAF22,M0MDN3-CWAF38_200724_113826_s0a0_p6-0,-72.96890298030537,-23.315657362661238,-16.822949372605102
7,on0,M0MDN3-CWAF22,M0MDN3-CWAF7_200702_102303_s0a0_p6-0,-9.281840559868415,-6.593479608224314,-4.032379818446122
8,on0,M0MDN3-CWAF22,M0MDN3-CWAF25_200717_110607_s0a0_p6-0,-64.88774107329755,-2.9252117692925803,-8.38301828772328
9,on0,M0MDN3-CWAF22,M0MDN3-CWAF13_200710_111807_s0a0_p6-0,-64.63721036807549,-4.367614197599845,-19.873109182730094
10,on0,M0MDN3-CWAF22,M0MDN3-CWAF13_200806_085301_s0a0_p6-0,-39.991395292676586,-8.120492297514703,-7.161015947112477
11,on0,M0MDN3-CWAF22,M0MDN3-CWAF13_200724_095302_s0a0_p6-0,-31.704703056556287,-3.72590695399645,-7.472665092775037
12,on0,M0MDN3-CWAF22,M0MDN3-CWAF19_200728_090647_s0a0_p6-0,-28.341597951305218,-15.967220887854909,-7.240942970472083
13,on0,M0MDN3-CWAF22,M0MDN3-CWAF19_200714_084831_s0a0_p6-0,-78.2825135787305,-6.825856215387307,-12.487890962163315
14,on0,M0MDN3-CWAF22,M0MDN3-CWAF19_200811_091309_s0a0_p6-0,-38.97239403477197,-6.828751101328613,-7.90090538748327
15,on0,M0MDN3-CWAF22,M0MDN3-CWAF6_200702_100802_s0a0_p6-0,-10.384361145140293,-3.8147193802017862,-6.957603263989748
16,on0,M0MDN3-CWAF22,M0MDN3-CWAF6_200730_092339_s0a0_p6-0,-1.0002781022833434,-1.2302849786821561,-1.443332384391734
17,on0,M0MDN3-CWAF22,M0MDN3-CWAF6_200717_090045_s0a0_p6-0,-18.8272295488086,-0.7864227483304075,-5.346284995668876
18,on0,M0MDN3-CWAF22,M0MDN3-CWAF1_200724_092007_s0a0_p6-0,-108.76693806324009,-20.495646676622663,-11.702894763722462
19,on0,M0MDN3-CWAF22,M0MDN3-CWAF1_200626_103701_s0a0_p6-0,-57.851259226181035,-15.828772845088604,-12.1399834231087
20,on0,M0MDN3-CWAF22,M0MDN3-CWAF1_200710_104145_s0a0_p6-0,-31.652457882133536,-13.42709484009138,-9.053919397427423
21,on0,M0MDN3-CWAF22,M0MDN3-CWAF31_200806_100501_s0a0_p6-0,-93.18446104741084,-13.802761174389246,-11.925359588709233
22,on0,M0MDN3-CWAF22,M0MDN3-CWAF31_200724_141104_s0a0_p6-0,-5.690967095425789,-4.788057219408017,-5.61903534446304
23,on0,M0MDN3-CWAF22,M0MDN3-CWAF31_200820_091206_s0a0_p6-0,-20.31312327245565,-8.790827803554299,-6.983906628124928
24,on0,M0MDN3-CWAF22,M0MDN3-CWAF14_200724_095829_s0a0_p6-0,-81.12779572644523,-19.523080800294377,-10.36255856890744
25,on0,M0MDN3-CWAF22,M0MDN3-CWAF14_200710_121305_s0a0_p6-0,-32.65197569677871,-1.1673701025830197,-8.480157601142736
26,on0,M0MDN3-CWAF22,M0MDN3-CWAF14_200806_090201_s0a0_p6-0,-53.69599033848485,-11.745679942305884,-10.746263501076566
27,on0,M0MDN3-CWAF22,M0MDN3-CWAF39_200807_094800_s0a0_p6-0,-19.750609410978146,-0.8858977470274041,-4.266383302739704
28,on0,M0MDN3-CWAF22,M0MDN3-CWAF39_200724_112912_s0a0_p6-0,-16.46820379264634,-0.16875035932189666,-2.557921501048256
29,on0,M0MDN3-CWAF22,M0MDN3-CWAF8_200702_105340_s0a0_p6-0,-74.20603409218198,-26.891614431457775,-16.769582588101855
30,on0,M0MDN3-CWAF22,M0MDN3-CWAF8_200730_094325_s0a0_p6-0,,,
31,on0,M0MDN3-CWAF22,M0MDN3-CWAF8_200717_091659_s0a0_p6-0,-14.61622049442519,-3.3009291061694364,-6.892462323407894
32,on0,M0MDN3-CWAF22,M0MDN3-CWAF35_200820_100101_s0a0_p6-0,,,
33,on0,M0MDN3-CWAF22,M0MDN3-CWAF35_200807_090702_s0a0_p6-0,,,
34,on0,M0MDN3-CWAF22,M0MDN3-CWAF35_200724_125800_s0a0_p6-0,-4.11518010700497,-3.4116840951687877,-7.296911246231138
35,on0,M0MDN3-CWAF22,M0MDN3-CWAF26_200717_112019_s0a0_p6-0,-46.25818616239017,-8.363366149919129,-9.505935990468876
36,on0,M0MDN3-CWAF22,M0MDN3-CWAF26_200813_091201_s0a0_p6-0,-25.767060132871073,-4.373632862694785,-7.41986974482719
37,on0,M0MDN3-CWAF22,M0MDN3-CWAF26_200730_110102_s0a0_p6-0,-33.161988753730206,-9.270263698763689,-7.94336387051812
38,on0,M0MDN3-CWAF22,M0MDN3-CWAF29_200724_143415_s0a0_p6-0,,,
39,on0,M0MDN3-CWAF22,M0MDN3-CWAF29_200806_095003_s0a0_p6-0,,,
40,on0,M0MDN3-CWAF22,M0MDN3-CWAF16_200710_124757_s0a0_p6-0,-65.02184092416796,-11.14480606360751,-11.304873699943792
41,on0,M0MDN3-CWAF22,M0MDN3-CWAF33_200807_084102_s0a0_p6-0,,,
42,on0,M0MDN3-CWAF22,M0MDN3-CWAF33_200820_094601_s0a0_p6-0,-15.916736721113011,-1.0970792640336584,-3.1503936530634564
43,on0,M0MDN3-CWAF22,M0MDN3-CWAF33_200724_133302_s0a0_p6-0,-24.307578065798314,-8.707212310942552,-7.085801250901063
44,on0,M0MDN3-CWAF22,M0MDN3-CWAF28_200820_085756_s0a0_p6-0,-51.459463865705274,-12.237746429271146,-9.962465729308283
45,on0,M0MDN3-CWAF22,M0MDN3-CWAF28_200724_144610_s0a0_p6-0,-52.84198692365779,-7.457203867152073,-9.158025831045995
46,on0,M0MDN3-CWAF22,M0MDN3-CWAF28_200806_093700_s0a0_p6-0,-32.06153496533563,-10.455958009217973,-7.5656755060264596
47,on0,M0MDN3-CWAF22,M0MDN3-CWAF4_200626_113235_s0a0_p6-0,-5.550993762249575,-1.6867425342594784,-3.536272231954986
48,on0,M0MDN3-CWAF22,M0MDN3-CWAF3_200626_112205_s0a0_p6-0,-18.77028730997314,-3.2686751306667787,-7.678810308643948
49,on0,M0MDN3-CWAF22,M0MDN3-CWAF5_200710_103400_s0a0_p6-0,-8.322574615886946,-3.942316273247077,-2.701779640956131
50,on0,M0MDN3-CWAF22,M0MDN3-CWAF36_200807_091601_s0a0_p6-0,-32.22434688984966,-10.898727247163942,-6.266061782112744
51,on0,M0MDN3-CWAF22,M0MDN3-CWAF36_200724_124320_s0a0_p6-0,-46.398926002839666,-19.339506935451386,-10.64866633286383
52,on0,M0MDN3-CWAF22,M0MDN3-CWAF36_200820_102401_s0a0_p6-0,-25.89434405535585,-2.9925322987699836,-5.0742740308811936
53,on0,M0MDN3-CWAF22,M0MDN3-CWAF24_200730_104451_s0a0_p6-0,-49.82584268952422,-14.944136220569087,-8.908226141300995
54,on0,M0MDN3-CWAF22,M0MDN3-CWAF24_200717_103447_s0a0_p6-0,,,
55,on0,M0MDN3-CWAF22,M0MDN3-CWAF24_200813_085709_s0a0_p6-0,-4.28735842414649,-19.72435709934093,-10.636776080558302
56,on0,M0MDN3-CWAF22,M0MDN3-CWAF27_200804_085636_s0a0_p6-0,-22.0851853749058,-12.528107242667073,-6.085990107008825
57,on0,M0MDN3-CWAF22,M0MDN3-CWAF27_200819_083811_s0a0_p6-0,-20.204108758194288,-15.0669504327517,-7.478817242709718
58,on0,M0MDN3-CWAF22,M0MDN3-CWAF27_200720_082408_s0a0_p6-0,-10.912982596757656,-3.4127742504307848,-6.455543802170405
59,on0,M0MDN3-CWAF22,M0MDN3-CWAF30_200820_090346_s0a0_p6-0,-33.125542024114225,-0.2679345375620471,-4.176144235972289
60,on0,M0MDN3-CWAF22,M0MDN3-CWAF30_200806_095301_s0a0_p6-0,-43.893342765551544,-13.44352692368275,-8.013372202978616
61,on0,M0MDN3-CWAF22,M0MDN3-CWAF30_200724_142001_s0a0_p6-0,-80.67550539422432,-5.1419633058856,-17.537230665831252
62,on0,M0MDN3-CWAF22,M0MDN3-CWAF23_200717_104600_s0a0_p6-0,-38.32601399709889,-7.7242903164301655,-7.769504561584473
63,on0,M0MDN3-CWAF22,M0MDN3-CWAF23_200813_084803_s0a0_p6-0,-5.0412660954552,-2.332317817401809,-3.4051168866384036
64,on0,M0MDN3-CWAF22,M0MDN3-CWAF23_200730_102203_s0a0_p6-0,,,
65,on0,M0MDN3-CWAF22,M0MDN3-CWAF12_200724_094740_s0a0_p6-0,,,
66,on0,M0MDN3-CWAF22,M0MDN3-CWAF12_200710_110611_s0a0_p6-0,-4.4770212142218035,-13.119718378832772,-6.922451533759421
67,on0,M0MDN3-CWAF22,M0MDN3-CWAF12_200806_084701_s0a0_p6-0,-36.28042780601779,-7.547666830312134,-4.624134058376936
68,on0,M0MDN3-CWAF22,M0MDN3-CWAF21_200728_085651_s0a0_p6-0,-33.40077267351019,-10.160121971799537,-6.517836037572188
69,on0,M0MDN3-CWAF22,M0MDN3-CWAF21_200811_090600_s0a0_p6-0,-76.21930569104666,-3.561553482129932,-9.556573651920475
70,on0,M0MDN3-CWAF22,M0MDN3-CWAF21_200714_092330_s0a0_p6-0,-23.355054650856392,-11.092770617821374,-8.252909151298702
71,on0,M0MDN3-CWAF22,M0MDN3-CWAF11_200702_115020_s0a0_p6-0,-0.20982138756101265,-6.1442348173146675,-4.763213451915259
72,on0,M0MDN3-CWAF22,M0MDN3-CWAF10_200702_113933_s0a0_p6-0,-10.513307976159089,-1.1358402275128354,-2.4932992889851238
73,on0,M0MDN3-CWAF22,M0MDN3-CWAF37_200724_125201_s0a0_p6-0,,,
74,on0,M0MDN3-CWAF22,M0MDN3-CWAF20_200714_085826_s0a0_p6-0,,,
75,on0,M0MDN3-CWAF22,M0MDN3-CWAF40_200807_095810_s0a0_p6-0,-32.409975876783975,-12.679637777050452,-7.368157005860824
76,on0,M0MDN3-CWAF22,M0MDN3-CWAF40_200724_112522_s0a0_p6-0,-25.45584809340839,-2.384200082534367,-8.170818737237962
77,on0,M0MDN3-CWAF22,M0MDN3-CWAF15_200806_090806_s0a0_p6-0,-46.18814316368652,-9.142725872987164,-10.872078220905543
78,on0,M0MDN3-CWAF22,M0MDN3-CWAF15_200710_120500_s0a0_p6-0,-67.64752475698698,-6.572684932036069,-15.335547414400924
79,on0,M0MDN3-CWAF22,M0MDN3-CWAF15_200724_105300_s0a0_p6-0,-45.20838688755787,-7.946177080049141,-8.993312168966137
80,on0,M0MDN3-CWAF22,M0MDN3-CWAF9_200702_110714_s0a0_p6-0,-2.007746973470874,-5.022741273015266,-8.027949758373998
81,on0,M0MDN3-CWAF22,M0MDN3-CWAF9_200717_094459_s0a0_p6-0,-9.652941514111339,-1.2597880412073077,-6.215573924453112
82,on0,M0MDN3-CWAF22,M0MDN3-CWAF9_200730_100716_s0a0_p6-0,-12.112089358845365,-5.095147332021977,-7.884990194483625
83,on0,M0MDN3-CWAF22,M0MDN3-CWAF18_200811_090302_s0a0_p6-0,-20.492985371520383,-2.877454389004958,-4.417221385664285
84,on0,M0MDN3-CWAF22,M0MDN3-CWAF18_200714_084029_s0a0_p6-0,-40.79039188404502,-7.753546621730067,-9.04793608310788
85,on0,M0MDN3-CWAF22,M0MDN3-CWAF18_200728_085303_s0a0_p6-0,,,
86,on0,M0MDN3-CWAF22,M0MDN3-CWAF34_200807_084709_s0a0_p6-0,-21.00792298141671,-19.62763456504816,-8.342752102890346
87,on0,M0MDN3-CWAF22,M0MDN3-CWAF34_200724_132021_s0a0_p6-0,-32.449341784611825,-20.89161532764956,-10.946257854034943
88,on0,M0MDN3-CWAF22,M0MDN3-CWAF34_200820_095200_s0a0_p6-0,-54.57623573164845,-11.750760199898252,-6.586927460480409
0,on1,M0MDN3-CWAF22,M0MDN3-CWAF22_200714_092939_s0a0_p6-0,-29.841060501154807,-11.363035651889941,-6.6816706057116
1,on1,M0MDN3-CWAF22,M0MDN3-CWAF32_200724_140800_s0a0_p6-0,-40.43444547725488,-8.16864627814829,-10.38991746682735
2,on1,M0MDN3-CWAF22,M0MDN3-CWAF32_200807_083200_s0a0_p6-0,,,
3,on1,M0MDN3-CWAF22,M0MDN3-CWAF32_200820_092201_s0a0_p6-0,-35.73557917710389,-0.8967336604472049,-7.24672015369586
4,on1,M0MDN3-CWAF22,M0MDN3-CWAF38_200807_094503_s0a0_p6-0,,,
5,on1,M0MDN3-CWAF22,M0MDN3-CWAF38_200820_103603_s0a0_p6-0,-39.55516622781515,-14.93648964269779,-7.9010840810455365
6,on1,M0MDN3-CWAF22,M0MDN3-CWAF38_200724_113826_s0a0_p6-0,,,
7,on1,M0MDN3-CWAF22,M0MDN3-CWAF7_200702_102303_s0a0_p6-0,-13.253770347339184,-5.4793266408431425,-4.684320073263908
8,on1,M0MDN3-CWAF22,M0MDN3-CWAF25_200717_110607_s0a0_p6-0,-93.23657733600265,-10.290980283017541,-7.035050056501981
9,on1,M0MDN3-CWAF22,M0MDN3-CWAF13_200710_111807_s0a0_p6-0,-119.16424616392575,-11.253007733523289,-21.447617260779793
10,on1,M0MDN3-CWAF22,M0MDN3-CWAF13_200806_085301_s0a0_p6-0,,,
11,on1,M0MDN3-CWAF22,M0MDN3-CWAF13_200724_095302_s0a0_p6-0,-68.90151257709503,-16.07293245300051,-9.241388693382314
12,on1,M0MDN3-CWAF22,M0MDN3-CWAF19_200728_090647_s0a0_p6-0,-14.49663644400407,-19.071762525063306,-7.711852555629202
13,on1,M0MDN3-CWAF22,M0MDN3-CWAF19_200714_084831_s0a0_p6-0,-29.60662046320203,-4.505246269761792,-10.030091824510542
14,on1,M0MDN3-CWAF22,M0MDN3-CWAF19_200811_091309_s0a0_p6-0,-20.29973028507756,-8.601855259559876,-4.211646527485666
15,on1,M0MDN3-CWAF22,M0MDN3-CWAF6_200702_100802_s0a0_p6-0,-0.25880475301846356,-0.27550630627070327,-0.7202667425614873
16,on1,M0MDN3-CWAF22,M0MDN3-CWAF6_200730_092339_s0a0_p6-0,-5.475372745364413,-2.1990054561708727,-2.1998588069479363
17,on1,M0MDN3-CWAF22,M0MDN3-CWAF6_200717_090045_s0a0_p6-0,,,
18,on1,M0MDN3-CWAF22,M0MDN3-CWAF1_200724_092007_s0a0_p6-0,0.0,-0.005955446824641812,-0.47643574597150745
19,on1,M0MDN3-CWAF22,M0MDN3-CWAF1_200626_103701_s0a0_p6-0,-38.37763630335396,-16.72682348844858,-11.445705978427009
20,on1,M0MDN3-CWAF22,M0MDN3-CWAF1_200710_104145_s0a0_p6-0,-58.913628493672576,-15.589062328663989,-13.218243819148329
21,on1,M0MDN3-CWAF22,M0MDN3-CWAF31_200806_100501_s0a0_p6-0,-49.9500427008495,-18.34790716887545,-9.122622006868639
22,on1,M0MDN3-CWAF22,M0MDN3-CWAF31_200724_141104_s0a0_p6-0,-6.939350457097315,-4.801277259794058,-4.419177791492167
23,on1,M0MDN3-CWAF22,M0MDN3-CWAF31_200820_091206_s0a0_p6-0,-16.698770777641386,-6.081481750825365,-5.539996766681255
24,on1,M0MDN3-CWAF22,M0MDN3-CWAF14_200724_095829_s0a0_p6-0,-31.840940613535302,-0.48880409621086585,-5.38295132311128
25,on1,M0MDN3-CWAF22,M0MDN3-CWAF14_200710_121305_s0a0_p6-0,-93.72095547191525,-14.583136054830462,-10.707268534280548
26,on1,M0MDN3-CWAF22,M0MDN3-CWAF14_200806_090201_s0a0_p6-0,,,
27,on1,M0MDN3-CWAF22,M0MDN3-CWAF39_200807_094800_s0a0_p6-0,,,
28,on1,M0MDN3-CWAF22,M0MDN3-CWAF39_200724_112912_s0a0_p6-0,-20.0153198716739,-2.0308699479408467,-6.959595069238468
29,on1,M0MDN3-CWAF22,M0MDN3-CWAF8_200702_105340_s0a0_p6-0,-152.93544071915136,-23.82137202997254,-15.511067036646658
30,on1,M0MDN3-CWAF22,M0MDN3-CWAF8_200730_094325_s0a0_p6-0,-48.205417004201074,-9.78482941761109,-10.742477858440905
31,on1,M0MDN3-CWAF22,M0MDN3-CWAF8_200717_091659_s0a0_p6-0,-7.765167405891901,-0.9361127452451206,-3.7483292165254185
32,on1,M0MDN3-CWAF22,M0MDN3-CWAF35_200820_100101_s0a0_p6-0,-32.050909849122384,-0.13566803801464222,-3.2962706740181096
33,on1,M0MDN3-CWAF22,M0MDN3-CWAF35_200807_090702_s0a0_p6-0,-56.648691212849606,-8.507354225533533,-9.87375285997882
34,on1,M0MDN3-CWAF22,M0MDN3-CWAF35_200724_125800_s0a0_p6-0,-23.89803754213383,-21.474501301379114,-10.661493956753409
35,on1,M0MDN3-CWAF22,M0MDN3-CWAF26_200717_112019_s0a0_p6-0,-36.864904289215275,-1.2632992855578742,-8.108800273123412
36,on1,M0MDN3-CWAF22,M0MDN3-CWAF26_200813_091201_s0a0_p6-0,,,
37,on1,M0MDN3-CWAF22,M0MDN3-CWAF26_200730_110102_s0a0_p6-0,-18.26584200988238,-7.112706444125152,-4.0837398195171675
38,on1,M0MDN3-CWAF22,M0MDN3-CWAF29_200724_143415_s0a0_p6-0,-53.547569623392484,-5.2197660706765685,-9.935466674179349
39,on1,M0MDN3-CWAF22,M0MDN3-CWAF29_200806_095003_s0a0_p6-0,-110.03996456842626,-7.915227862857195,-13.186648931189563
40,on1,M0MDN3-CWAF22,M0MDN3-CWAF16_200710_124757_s0a0_p6-0,,,
41,on1,M0MDN3-CWAF22,M0MDN3-CWAF33_200807_084102_s0a0_p6-0,-51.69905833773681,-6.7302547852892936,-9.229368217507314
42,on1,M0MDN3-CWAF22,M0MDN3-CWAF33_200820_094601_s0a0_p6-0,-14.89006701646725,-0.67158467756561,-3.3191591707629673
43,on1,M0MDN3-CWAF22,M0MDN3-CWAF33_200724_133302_s0a0_p6-0,-18.752095252476824,-7.444963393784917,-5.709840586709747
44,on1,M0MDN3-CWAF22,M0MDN3-CWAF28_200820_085756_s0a0_p6-0,-52.23700369037986,-10.351000702638924,-7.4095594452364635
45,on1,M0MDN3-CWAF22,M0MDN3-CWAF28_200724_144610_s0a0_p6-0,-43.38505711691624,-12.760605081920398,-10.692348875527289
46,on1,M0MDN3-CWAF22,M0MDN3-CWAF28_200806_093700_s0a0_p6-0,-41.87111737875055,-16.173763968500502,-9.880618122947858
47,on1,M0MDN3-CWAF22,M0MDN3-CWAF4_200626_113235_s0a0_p6-0,-6.885782500213343,-3.2899026060462955,-5.1840482234162835
48,on1,M0MDN3-CWAF22,M0MDN3-CWAF3_200626_112205_s0a0_p6-0,-39.60283225788167,-2.7935593461925277,-8.144501552257879
49,on1,M0MDN3-CWAF22,M0MDN3-CWAF5_200710_103400_s0a0_p6-0,-16.533856610162996,-3.015855001762669,-3.2752406389122593
50,on1,M0MDN3-CWAF22,M0MDN3-CWAF36_200807_091601_s0a0_p6-0,-3.175559369900283,-7.742510455283925,-3.990286151483411
51,on1,M0MDN3-CWAF22,M0MDN3-CWAF36_200724_124320_s0a0_p6-0,-54.04802509158314,-19.59415405690831,-9.240816301131938
52,on1,M0MDN3-CWAF22,M0MDN3-CWAF36_200820_102401_s0a0_p6-0,-1.6481650476561593,-9.695486655403299,-4.349449045239483
53,on1,M0MDN3-CWAF22,M0MDN3-CWAF24_200730_104451_s0a0_p6-0,-47.59798875607589,-16.29674272126308,-8.861767045468582
54,on1,M0MDN3-CWAF22,M0MDN3-CWAF24_200717_103447_s0a0_p6-0,-26.728634203832794,-4.495154824487741,-6.4405370178927495
55,on1,M0MDN3-CWAF22,M0MDN3-CWAF24_200813_085709_s0a0_p6-0,-14.751956390604244,-8.82290636902168,-7.215702578885208
56,on1,M0MDN3-CWAF22,M0MDN3-CWAF27_200804_085636_s0a0_p6-0,-31.362011371056205,-10.73992217923119,-5.741625464830852
57,on1,M0MDN3-CWAF22,M0MDN3-CWAF27_200819_083811_s0a0_p6-0,-30.874684432042628,-11.0844729553494,-7.6403278721408645
58,on1,M0MDN3-CWAF22,M0MDN3-CWAF27_200720_082408_s0a0_p6-0,-16.349699358208138,-0.9450416693169771,-3.6242747605697425
59,on1,M0MDN3-CWAF22,M0MDN3-CWAF30_200820_090346_s0a0_p6-0,-20.03949468438788,-1.1454874854620944,-4.609806556224449
60,on1,M0MDN3-CWAF22,M0MDN3-CWAF30_200806_095301_s0a0_p6-0,-87.43236799079605,-16.198493034636808,-9.99943199410831
61,on1,M0MDN3-CWAF22,M0MDN3-CWAF30_200724_142001_s0a0_p6-0,-106.81777534421484,-3.9250372111192835,-15.009573975032596
62,on1,M0MDN3-CWAF22,M0MDN3-CWAF23_200717_104600_s0a0_p6-0,-28.12683062847917,-8.423450912714431,-6.222438252589819
63,on1,M0MDN3-CWAF22,M0MDN3-CWAF23_200813_084803_s0a0_p6-0,,,
64,on1,M0MDN3-CWAF22,M0MDN3-CWAF23_200730_102203_s0a0_p6-0,-35.77770845592731,-20.1215561373049,-9.27696922249536
65,on1,M0MDN3-CWAF22,M0MDN3-CWAF12_200724_094740_s0a0_p6-0,-36.3677979199386,-7.202419777200231,-4.4063575393124195
66,on1,M0MDN3-CWAF22,M0MDN3-CWAF12_200710_110611_s0a0_p6-0,-56.04942975131596,-0.22627657774845117,-4.2891907233510755
67,on1,M0MDN3-CWAF22,M0MDN3-CWAF12_200806_084701_s0a0_p6-0,,,
68,on1,M0MDN3-CWAF22,M0MDN3-CWAF21_200728_085651_s0a0_p6-0,-48.4315549182433,-14.108888810142222,-9.579643003614425
69,on1,M0MDN3-CWAF22,M0MDN3-CWAF21_200811_090600_s0a0_p6-0,-23.050024212142258,-0.8600798884876807,-2.9812457703248794
70,on1,M0MDN3-CWAF22,M0MDN3-CWAF21_200714_092330_s0a0_p6-0,-26.985282748640746,-7.710786228632256,-6.985543302863426
71,on1,M0MDN3-CWAF22,M0MDN3-CWAF11_200702_115020_s0a0_p6-0,-46.74257329436853,-10.799445676062064,-5.641204429251799
72,on1,M0MDN3-CWAF22,M0MDN3-CWAF10_200702_113933_s0a0_p6-0,-1.2361883868766728,-0.7729157468428237,-0.6151101239518791
73,on1,M0MDN3-CWAF22,M0MDN3-CWAF37_200724_125201_s0a0_p6-0,,,
74,on1,M0MDN3-CWAF22,M0MDN3-CWAF20_200714_085826_s0a0_p6-0,-12.398136169305415,-12.217383723312285,-6.61494787001549
75,on1,M0MDN3-CWAF22,M0MDN3-CWAF40_200807_095810_s0a0_p6-0,-57.41726645866704,-14.652320065243616,-8.943740970014796
76,on1,M0MDN3-CWAF22,M0MDN3-CWAF40_200724_112522_s0a0_p6-0,-17.604439113357913,-1.3290879376371905,-3.367460299668677
77,on1,M0MDN3-CWAF22,M0MDN3-CWAF15_200806_090806_s0a0_p6-0,,,
78,on1,M0MDN3-CWAF22,M0MDN3-CWAF15_200710_120500_s0a0_p6-0,-4.912960065099957,-9.359042480009283,-5.997517943143454
79,on1,M0MDN3-CWAF22,M0MDN3-CWAF15_200724_105300_s0a0_p6-0,-36.06376766877206,-9.163984101049282,-8.38706829085847
80,on1,M0MDN3-CWAF22,M0MDN3-CWAF9_200702_110714_s0a0_p6-0,-3.1069368729170748,-0.646602203544558,-3.0650914377104708
81,on1,M0MDN3-CWAF22,M0MDN3-CWAF9_200717_094459_s0a0_p6-0,-6.9411908050417646,-1.928583434757855,-11.41082551119594
82,on1,M0MDN3-CWAF22,M0MDN3-CWAF9_200730_100716_s0a0_p6-0,-1.7674541876096768,-1.1623566028889534,-2.5681782030681615
83,on1,M0MDN3-CWAF22,M0MDN3-CWAF18_200811_090302_s0a0_p6-0,-15.907183564944365,-2.775279846373855,-3.1524114004354256
84,on1,M0MDN3-CWAF22,M0MDN3-CWAF18_200714_084029_s0a0_p6-0,-79.84413948968238,-10.433001690990892,-9.793765165060849
85,on1,M0MDN3-CWAF22,M0MDN3-CWAF18_200728_085303_s0a0_p6-0,,,
86,on1,M0MDN3-CWAF22,M0MDN3-CWAF34_200807_084709_s0a0_p6-0,-48.44058251624417,-19.854318469617237,-8.865010061930237
87,on1,M0MDN3-CWAF22,M0MDN3-CWAF34_200724_132021_s0a0_p6-0,,,
88,on1,M0MDN3-CWAF22,M0MDN3-CWAF34_200820_095200_s0a0_p6-0,-5.04166395646366,-10.959717649441997,-10.227597667366807
0,on2,M0MDN3-CWAF22,M0MDN3-CWAF22_200714_092939_s0a0_p6-0,,,
1,on2,M0MDN3-CWAF22,M0MDN3-CWAF32_200724_140800_s0a0_p6-0,-14.360017545719337,-8.545890966766867,-6.137398854713367
2,on2,M0MDN3-CWAF22,M0MDN3-CWAF32_200807_083200_s0a0_p6-0,-26.32079244785753,-4.852579914760059,-6.873388210293841
3,on2,M0MDN3-CWAF22,M0MDN3-CWAF32_200820_092201_s0a0_p6-0,-72.70115182040338,-11.485108016197671,-12.201690072590708
4,on2,M0MDN3-CWAF22,M0MDN3-CWAF38_200807_094503_s0a0_p6-0,,,
5,on2,M0MDN3-CWAF22,M0MDN3-CWAF38_200820_103603_s0a0_p6-0,-14.366866940508158,-5.67969562097164,-8.039578952106073
6,on2,M0MDN3-CWAF22,M0MDN3-CWAF38_200724_113826_s0a0_p6-0,-8.824689774785048,-3.758530046102232,-8.670208497301013
7,on2,M0MDN3-CWAF22,M0MDN3-CWAF7_200702_102303_s0a0_p6-0,-10.801332551820881,-5.403329855811071,-4.055095025530853
8,on2,M0MDN3-CWAF22,M0MDN3-CWAF25_200717_110607_s0a0_p6-0,-17.085247925416063,-8.490634087371255,-4.7061864890207366
9,on2,M0MDN3-CWAF22,M0MDN3-CWAF13_200710_111807_s0a0_p6-0,-40.07233767612947,-0.2709542245950987,-4.514729501297189
10,on2,M0MDN3-CWAF22,M0MDN3-CWAF13_200806_085301_s0a0_p6-0,,,
11,on2,M0MDN3-CWAF22,M0MDN3-CWAF13_200724_095302_s0a0_p6-0,-8.295576008908553,-13.097304117856567,-6.574435410451606
12,on2,M0MDN3-CWAF22,M0MDN3-CWAF19_200728_090647_s0a0_p6-0,-47.86222269704137,-16.29651970090104,-10.31824774728389
13,on2,M0MDN3-CWAF22,M0MDN3-CWAF19_200714_084831_s0a0_p6-0,-58.76202171092061,-14.202292829217125,-10.548124917290842
14,on2,M0MDN3-CWAF22,M0MDN3-CWAF19_200811_091309_s0a0_p6-0,-2.117305749058336,-1.9659924136211968,-6.2846895167761465
15,on2,M0MDN3-CWAF22,M0MDN3-CWAF6_200702_100802_s0a0_p6-0,-0.9116280877260857,-0.1404377668978428,-0.2945920200908282
16,on2,M0MDN3-CWAF22,M0MDN3-CWAF6_200730_092339_s0a0_p6-0,-3.1263487381171107,-1.6860935670924908,-1.7420158183810595
17,on2,M0MDN3-CWAF22,M0MDN3-CWAF6_200717_090045_s0a0_p6-0,-9.261769834266397,0.0,2.542269023679736
18,on2,M0MDN3-CWAF22,M0MDN3-CWAF1_200724_092007_s0a0_p6-0,,,
19,on2,M0MDN3-CWAF22,M0MDN3-CWAF1_200626_103701_s0a0_p6-0,-36.02379227529139,-12.37468739996102,-10.323445830255118
20,on2,M0MDN3-CWAF22,M0MDN3-CWAF1_200710_104145_s0a0_p6-0,-40.722409178776296,-10.539306149769512,-9.211786135762294
21,on2,M0MDN3-CWAF22,M0MDN3-CWAF31_200806_100501_s0a0_p6-0,-30.21165486164412,-10.269410336184867,-10.416885647937569
22,on2,M0MDN3-CWAF22,M0MDN3-CWAF31_200724_141104_s0a0_p6-0,-24.795397104811983,-12.659165365675246,-9.934668359278994
23,on2,M0MDN3-CWAF22,M0MDN3-CWAF31_200820_091206_s0a0_p6-0,,,
24,on2,M0MDN3-CWAF22,M0MDN3-CWAF14_200724_095829_s0a0_p6-0,-7.458812963308589,-8.81795364673134,-5.0227197459482245
25,on2,M0MDN3-CWAF22,M0MDN3-CWAF14_200710_121305_s0a0_p6-0,-89.89264698479775,-10.490768033832842,-10.24740075921259
26,on2,M0MDN3-CWAF22,M0MDN3-CWAF14_200806_090201_s0a0_p6-0,,,
27,on2,M0MDN3-CWAF22,M0MDN3-CWAF39_200807_094800_s0a0_p6-0,-32.070371771101016,-3.7890691875670885,-6.507747361404636
28,on2,M0MDN3-CWAF22,M0MDN3-CWAF39_200724_112912_s0a0_p6-0,-23.185738908513933,-1.3655251987306867,-5.720000129149435
29,on2,M0MDN3-CWAF22,M0MDN3-CWAF8_200702_105340_s0a0_p6-0,-86.90005112225545,-15.119238879267453,-11.377154382072813
30,on2,M0MDN3-CWAF22,M0MDN3-CWAF8_200730_094325_s0a0_p6-0,-29.449163499294613,-8.812424217622517,-6.52314350483631
31,on2,M0MDN3-CWAF22,M0MDN3-CWAF8_200717_091659_s0a0_p6-0,-27.605130939800002,-1.192288883604223,-5.684297644906099
32,on2,M0MDN3-CWAF22,M0MDN3-CWAF35_200820_100101_s0a0_p6-0,-4.334613506319038,-9.630240547664238,-7.383965777079615
33,on2,M0MDN3-CWAF22,M0MDN3-CWAF35_200807_090702_s0a0_p6-0,-46.30831674119465,-12.55448785488555,-9.939915813611455
34,on2,M0MDN3-CWAF22,M0MDN3-CWAF35_200724_125800_s0a0_p6-0,-98.73523812538846,-16.37188088777577,-9.646323196463925
35,on2,M0MDN3-CWAF22,M0MDN3-CWAF26_200717_112019_s0a0_p6-0,-31.20504117645067,-0.6638055479115548,-6.145478716188199
36,on2,M0MDN3-CWAF22,M0MDN3-CWAF26_200813_091201_s0a0_p6-0,,,
37,on2,M0MDN3-CWAF22,M0MDN3-CWAF26_200730_110102_s0a0_p6-0,-24.830160230813046,-7.05502896573672,-5.651922453094915
38,on2,M0MDN3-CWAF22,M0MDN3-CWAF29_200724_143415_s0a0_p6-0,,,
39,on2,M0MDN3-CWAF22,M0MDN3-CWAF29_200806_095003_s0a0_p6-0,-63.51245702555693,-24.743575484062863,-13.054510277307756
40,on2,M0MDN3-CWAF22,M0MDN3-CWAF16_200710_124757_s0a0_p6-0,-10.597831630480256,-3.0732412909115747,-8.166891872743264
41,on2,M0MDN3-CWAF22,M0MDN3-CWAF33_200807_084102_s0a0_p6-0,,,
42,on2,M0MDN3-CWAF22,M0MDN3-CWAF33_200820_094601_s0a0_p6-0,-1.0362547325887814,-3.5602883918423744,-3.5279949822265895
43,on2,M0MDN3-CWAF22,M0MDN3-CWAF33_200724_133302_s0a0_p6-0,-24.05199007748602,-5.952050787992542,-4.9779989081628475
44,on2,M0MDN3-CWAF22,M0MDN3-CWAF28_200820_085756_s0a0_p6-0,-9.60564077610014,-7.590526662917297,-4.981782469243771
45,on2,M0MDN3-CWAF22,M0MDN3-CWAF28_200724_144610_s0a0_p6-0,-22.9728090979739,-11.426053147090247,-8.706309137614955
46,on2,M0MDN3-CWAF22,M0MDN3-CWAF28_200806_093700_s0a0_p6-0,-10.206800121147106,-8.305359052680508,-6.82035817888131
47,on2,M0MDN3-CWAF22,M0MDN3-CWAF4_200626_113235_s0a0_p6-0,-1.1797004389868821,-2.4487457530451024,-5.170368632760022
48,on2,M0MDN3-CWAF22,M0MDN3-CWAF3_200626_112205_s0a0_p6-0,-9.182324755534031,-5.859593792624379,-3.9927684276583086
49,on2,M0MDN3-CWAF22,M0MDN3-CWAF5_200710_103400_s0a0_p6-0,-12.94381899488977,-3.741456696530658,-3.4991681099803413
50,on2,M0MDN3-CWAF22,M0MDN3-CWAF36_200807_091601_s0a0_p6-0,-9.765810472379282,-7.795668181882204,-3.5978216630231743
51,on2,M0MDN3-CWAF22,M0MDN3-CWAF36_200724_124320_s0a0_p6-0,-5.196358837764752,-15.869354653027889,-8.165623507429906
52,on2,M0MDN3-CWAF22,M0MDN3-CWAF36_200820_102401_s0a0_p6-0,-11.178105565389076,-6.185501043452684,-4.090192073346424
53,on2,M0MDN3-CWAF22,M0MDN3-CWAF24_200730_104451_s0a0_p6-0,-82.18783533418612,-7.321373004464481,-8.434847190743938
54,on2,M0MDN3-CWAF22,M0MDN3-CWAF24_200717_103447_s0a0_p6-0,,,
55,on2,M0MDN3-CWAF22,M0MDN3-CWAF24_200813_085709_s0a0_p6-0,-33.91319448974652,-11.100955605477951,-7.704750807096598
56,on2,M0MDN3-CWAF22,M0MDN3-CWAF27_200804_085636_s0a0_p6-0,-24.7849790021705,-1.2524205469254672,-4.603493169083447
57,on2,M0MDN3-CWAF22,M0MDN3-CWAF27_200819_083811_s0a0_p6-0,-20.6226719816769,-11.433903024495592,-11.685337119862409
58,on2,M0MDN3-CWAF22,M0MDN3-CWAF27_200720_082408_s0a0_p6-0,,,
59,on2,M0MDN3-CWAF22,M0MDN3-CWAF30_200820_090346_s0a0_p6-0,-17.73456661506227,-8.597731295662705,-4.5020820827944545
60,on2,M0MDN3-CWAF22,M0MDN3-CWAF30_200806_095301_s0a0_p6-0,-79.272349642505,-14.295274390246632,-10.01483102282622
61,on2,M0MDN3-CWAF22,M0MDN3-CWAF30_200724_142001_s0a0_p6-0,-91.62890306507046,-24.875977288626828,-14.782445889935733
62,on2,M0MDN3-CWAF22,M0MDN3-CWAF23_200717_104600_s0a0_p6-0,-30.416544540696805,-1.7087669611896776,-6.386669653994173
63,on2,M0MDN3-CWAF22,M0MDN3-CWAF23_200813_084803_s0a0_p6-0,-16.648785887819066,-10.619550543315523,-5.8785419260300324
64,on2,M0MDN3-CWAF22,M0MDN3-CWAF23_200730_102203_s0a0_p6-0,-37.72614959443398,-13.434295313093624,-7.26717420468073
65,on2,M0MDN3-CWAF22,M0MDN3-CWAF12_200724_094740_s0a0_p6-0,-14.834910137178861,-6.778835775058989,-5.284708316870813
66,on2,M0MDN3-CWAF22,M0MDN3-CWAF12_200710_110611_s0a0_p6-0,-12.764892558041657,-5.0165199549633,-6.76998171822851
67,on2,M0MDN3-CWAF22,M0MDN3-CWAF12_200806_084701_s0a0_p6-0,,,
68,on2,M0MDN3-CWAF22,M0MDN3-CWAF21_200728_085651_s0a0_p6-0,-29.20914219010709,-11.20503528687148,-6.718442450055341
69,on2,M0MDN3-CWAF22,M0MDN3-CWAF21_200811_090600_s0a0_p6-0,-17.14051092281929,-1.3963410497090984,-6.2889569121009385
70,on2,M0MDN3-CWAF22,M0MDN3-CWAF21_200714_092330_s0a0_p6-0,-31.11557238848063,-6.648182503499271,-7.170035958547877
71,on2,M0MDN3-CWAF22,M0MDN3-CWAF11_200702_115020_s0a0_p6-0,-73.21663702666966,-13.135039844413338,-6.9663349523926446
72,on2,M0MDN3-CWAF22,M0MDN3-CWAF10_200702_113933_s0a0_p6-0,-1.884870657409608,-0.49760385462264856,-0.8095960777906831
73,on2,M0MDN3-CWAF22,M0MDN3-CWAF37_200724_125201_s0a0_p6-0,,,
74,on2,M0MDN3-CWAF22,M0MDN3-CWAF20_200714_085826_s0a0_p6-0,-93.1855321980229,-14.674453281300234,-11.585489862728213
75,on2,M0MDN3-CWAF22,M0MDN3-CWAF40_200807_095810_s0a0_p6-0,-43.33806702504344,-7.713977466603037,-6.861739774794717
76,on2,M0MDN3-CWAF22,M0MDN3-CWAF40_200724_112522_s0a0_p6-0,,,
77,on2,M0MDN3-CWAF22,M0MDN3-CWAF15_200806_090806_s0a0_p6-0,-41.97692282300999,-11.051547905312772,-10.78637486913689
78,on2,M0MDN3-CWAF22,M0MDN3-CWAF15_200710_120500_s0a0_p6-0,-7.8736806553748435,-6.659083150883315,-6.7056581802959165
79,on2,M0MDN3-CWAF22,M0MDN3-CWAF15_200724_105300_s0a0_p6-0,,,
80,on2,M0MDN3-CWAF22,M0MDN3-CWAF9_200702_110714_s0a0_p6-0,-3.186561027322976,-4.08723027700956,-8.022227016260775
81,on2,M0MDN3-CWAF22,M0MDN3-CWAF9_200717_094459_s0a0_p6-0,-3.177954495153106,-0.6560606583012678,-5.955436590978487
82,on2,M0MDN3-CWAF22,M0MDN3-CWAF9_200730_100716_s0a0_p6-0,-2.289221219712963,-0.08234151899567149,-0.3606863863423193
83,on2,M0MDN3-CWAF22,M0MDN3-CWAF18_200811_090302_s0a0_p6-0,,,
84,on2,M0MDN3-CWAF22,M0MDN3-CWAF18_200714_084029_s0a0_p6-0,-85.9878978914303,-11.993718449611865,-11.930650485690444
85,on2,M0MDN3-CWAF22,M0MDN3-CWAF18_200728_085303_s0a0_p6-0,-27.539850159267782,-9.00663646313717,-6.912330720443547
86,on2,M0MDN3-CWAF22,M0MDN3-CWAF34_200807_084709_s0a0_p6-0,-43.47120790388835,-8.80007392010609,-8.419583041428133
87,on2,M0MDN3-CWAF22,M0MDN3-CWAF34_200724_132021_s0a0_p6-0,-60.98675065917512,-18.729534352487953,-10.898508246065125
88,on2,M0MDN3-CWAF22,M0MDN3-CWAF34_200820_095200_s0a0_p6-0,-29.665250327652753,-14.246401194379702,-7.320811876476409
0,on0,M0MDN3-EF14,M0MDN3-EF14_200806_085901_s0a0_p6-0,-32.47962506104793,-7.653035637087044,-5.862566594513235
1,on0,M0MDN3-EF14,M0MDN3-EF14_200724_095604_s0a0_p6-0,-33.41230886225679,-12.728978721888279,-6.099542091089337
2,on0,M0MDN3-EF14,M0MDN3-EF14_200710_121010_s0a0_p6-0,-2.8654582424653507,-4.071939709274935,-4.600696091990784
3,on0,M0MDN3-EF14,M0MDN3-EF21_200714_092030_s0a0_p6-0,-35.30245855952338,-2.2723502586225286,-7.2884380211330795
4,on0,M0MDN3-EF14,M0MDN3-EF28_200820_090013_s0a0_p6-0,,,
5,on0,M0MDN3-EF14,M0MDN3-EF28_200806_093417_s0a0_p6-0,-45.662436905820876,-13.451254687506385,-9.520325877615315
6,on0,M0MDN3-EF14,M0MDN3-EF28_200724_144000_s0a0_p6-0,-41.01293011616434,-22.062360487612676,-12.781229211233033
7,on0,M0MDN3-EF14,M0MDN3-EF32_200820_091522_s0a0_p6-0,-22.330274376049903,-3.6435730825117125,-4.867916520744933
8,on0,M0MDN3-EF14,M0MDN3-EF32_200724_140502_s0a0_p6-0,-14.643275224737705,-10.983950302592557,-12.672744705932695
9,on0,M0MDN3-EF14,M0MDN3-EF32_200807_083526_s0a0_p6-0,-29.24685890725962,-11.040757734203744,-6.3944027960139165
10,on0,M0MDN3-EF14,M0MDN3-EF20_200728_090315_s0a0_p6-0,-3.1358166949274766,-1.6946180291637136,-2.4838918528141054
11,on0,M0MDN3-EF14,M0MDN3-EF20_200714_085525_s0a0_p6-0,-61.6926367452022,-10.021801900396008,-13.706895879825318
12,on0,M0MDN3-EF14,M0MDN3-EF8_200717_091358_s0a0_p6-0,-32.8435764034381,-9.685714391885089,-8.57479417437199
13,on0,M0MDN3-EF14,M0MDN3-EF8_200702_105001_s0a0_p6-0,-43.36837389855921,-6.661162287749317,-8.964780280481586
14,on0,M0MDN3-EF14,M0MDN3-EF8_200730_094033_s0a0_p6-0,-2.3041210885164873,-9.771542161409691,-7.167586463518107
15,on0,M0MDN3-EF14,M0MDN3-EF27_200804_085306_s0a0_p6-0,-9.301563004397632,-7.545159646388242,-4.159192958043911
16,on0,M0MDN3-EF14,M0MDN3-EF27_200720_082700_s0a0_p6-0,-85.08252783843872,-5.6139299778004155,-11.061031437432808
17,on0,M0MDN3-EF14,M0MDN3-EF23_200717_104300_s0a0_p6-0,-28.935400342978703,-16.893287617129587,-8.906385966281993
18,on0,M0MDN3-EF14,M0MDN3-EF23_200813_085103_s0a0_p6-0,-37.91971601193837,-5.558878424789418,-8.63810935812674
19,on0,M0MDN3-EF14,M0MDN3-EF23_200730_101904_s0a0_p6-0,-39.65573580063079,-14.769834836877468,-8.9300932862979
20,on0,M0MDN3-EF14,M0MDN3-EF24_200717_103700_s0a0_p6-0,-12.400930796242461,-11.922774150445772,-8.598502807456779
21,on0,M0MDN3-EF14,M0MDN3-EF24_200813_085402_s0a0_p6-0,-47.33196077613877,-17.605875719959425,-9.759372604465176
22,on0,M0MDN3-EF14,M0MDN3-EF24_200730_104105_s0a0_p6-0,-24.335258176405535,-10.882606368166305,-5.453029322443299
23,on0,M0MDN3-EF14,M0MDN3-EF5_200626_114107_s0a0_p6-0,-7.3277254992874825,-8.42810509314656,-5.16200980494775
24,on0,M0MDN3-EF14,M0MDN3-EF7_200702_102001_s0a0_p6-0,-23.776574618265773,-7.934614799231036,-5.556664818735149
25,on0,M0MDN3-EF14,M0MDN3-EF7_200730_093405_s0a0_p6-0,-26.349624020025427,-6.851943478294279,-4.843514763683428
26,on0,M0MDN3-EF14,M0MDN3-EF7_200717_090800_s0a0_p6-0,-41.72609063122586,-4.566385250901272,-8.860424144157337
27,on0,M0MDN3-EF14,M0MDN3-EF11_200702_114649_s0a0_p6-0,-0.5340853821808589,-0.709224296191473,-0.959828608882048
28,on0,M0MDN3-EF14,M0MDN3-EF15_200710_120157_s0a0_p6-0,-19.40333483584978,-4.602251107411391,-7.607455376481808
29,on0,M0MDN3-EF14,M0MDN3-EF15_200724_105559_s0a0_p6-0,-22.199110953942267,-9.523181405320594,-5.584902233793332
30,on0,M0MDN3-EF14,M0MDN3-EF17_200806_092804_s0a0_p6-0,,,
31,on0,M0MDN3-EF14,M0MDN3-EF17_200724_104338_s0a0_p6-0,,,
32,on0,M0MDN3-EF14,M0MDN3-EF17_200710_123937_s0a0_p6-0,-42.01122912020179,-15.426742847588036,-12.583387204515322
33,on0,M0MDN3-EF14,M0MDN3-EF12_200710_110918_s0a0_p6-0,-1.3902989503516179,-2.1962016272530787,-3.1321736003287555
34,on0,M0MDN3-EF14,M0MDN3-EF12_200724_094502_s0a0_p6-0,-26.007557265853738,-4.320305933038303,-5.002031660339642
35,on0,M0MDN3-EF14,M0MDN3-EF37_200807_092515_s0a0_p6-0,-24.61362652498168,-8.69602893180846,-5.223568247378309
36,on0,M0MDN3-EF14,M0MDN3-EF37_200820_102701_s0a0_p6-0,-32.826487993578596,-1.232289603017701,-6.912190537911016
37,on0,M0MDN3-EF14,M0MDN3-EF37_200724_124633_s0a0_p6-0,-18.529999114105895,-19.958936718793822,-10.170422142651107
38,on0,M0MDN3-EF14,M0MDN3-EF10_200730_101318_s0a0_p6-0,-23.164336542147538,-3.7880707613456384,-5.248161029691297
39,on0,M0MDN3-EF14,M0MDN3-EF10_200702_113602_s0a0_p6-0,-109.04347370112768,-1.4994686756963085,-11.720261101862633
40,on0,M0MDN3-EF14,M0MDN3-EF10_200717_095113_s0a0_p6-0,-35.04587520491665,-4.664200547753879,-6.622755693898396
41,on0,M0MDN3-EF14,M0MDN3-EF25_200813_090303_s0a0_p6-0,-95.62732657420366,-21.250897081544643,-13.407317838443507
42,on0,M0MDN3-EF14,M0MDN3-EF25_200730_104802_s0a0_p6-0,-20.137421180824155,-15.257318431282897,-6.95275773452858
43,on0,M0MDN3-EF14,M0MDN3-EF25_200717_110900_s0a0_p6-0,-4.409968271249441,-5.982444388776761,-9.13849257945084
44,on0,M0MDN3-EF14,M0MDN3-EF26_200730_105425_s0a0_p6-0,-39.956811174113234,-7.184899920277919,-8.24949940898709
45,on0,M0MDN3-EF14,M0MDN3-EF26_200717_111612_s0a0_p6-0,-23.25267106041909,-14.989443684444245,-8.00073757321573
46,on0,M0MDN3-EF14,M0MDN3-EF30_200806_095602_s0a0_p6-0,-67.59071543721865,-16.612915227187923,-7.767504619901407
47,on0,M0MDN3-EF14,M0MDN3-EF30_200724_141701_s0a0_p6-0,-28.367216954206956,-0.026795197995513095,-1.249103025784368
48,on0,M0MDN3-EF14,M0MDN3-EF2_200710_103134_s0a0_p6-0,-47.11685836934037,-17.76919939296672,-9.505958398917993
49,on0,M0MDN3-EF14,M0MDN3-EF2_200724_091746_s0a0_p6-0,-21.14563118697652,-6.780177699993785,-4.66798438204524
50,on0,M0MDN3-EF14,M0MDN3-EF6_200702_101102_s0a0_p6-0,-27.157540890425366,-2.3093886351529904,-4.8907504295707485
51,on0,M0MDN3-EF14,M0MDN3-EF6_200730_092727_s0a0_p6-0,-27.843897048972796,-4.443651943082479,-5.020190093541253
52,on0,M0MDN3-EF14,M0MDN3-EF6_200717_090303_s0a0_p6-0,,,
53,on0,M0MDN3-EF14,M0MDN3-EF35_200724_125500_s0a0_p6-0,-44.096242058236484,-6.088415950881676,-10.041904829048914
54,on0,M0MDN3-EF14,M0MDN3-EF35_200807_091001_s0a0_p6-0,,,
55,on0,M0MDN3-EF14,M0MDN3-EF35_200820_095512_s0a0_p6-0,-27.325695504694878,-11.969441091760428,-5.311839718491721
56,on0,M0MDN3-EF14,M0MDN3-EF9_200730_100004_s0a0_p6-0,-87.7721110309714,-9.396174596329427,-8.788252909724
57,on0,M0MDN3-EF14,M0MDN3-EF9_200717_094230_s0a0_p6-0,-83.14344531898162,-5.1944146946941405,-10.755217708452982
58,on0,M0MDN3-EF14,M0MDN3-EF9_200702_110335_s0a0_p6-0,,,
59,on0,M0MDN3-EF14,M0MDN3-EF38_200820_103904_s0a0_p6-0,-41.850960540582136,-19.019165311928106,-9.25845208372632
60,on0,M0MDN3-EF14,M0MDN3-EF38_200724_113459_s0a0_p6-0,0.0,0.0,5.109672697928762
61,on0,M0MDN3-EF14,M0MDN3-EF38_200807_094201_s0a0_p6-0,-68.71594179157732,-13.63236379278291,-14.274615818763028
62,on0,M0MDN3-EF14,M0MDN3-EF36_200724_123915_s0a0_p6-0,-37.83123069999114,-1.220570465481091,-8.566343085057495
63,on0,M0MDN3-EF14,M0MDN3-EF36_200807_091312_s0a0_p6-0,-32.36088821074356,-4.660802372160354,-6.2077516031332625
64,on0,M0MDN3-EF14,M0MDN3-EF36_200820_100426_s0a0_p6-0,-38.423893190101154,-12.247175388984552,-8.042564337255586
65,on0,M0MDN3-EF14,M0MDN3-EF34_200820_094928_s0a0_p6-0,-31.3528032700322,-10.569231175091407,-6.801475573776136
66,on0,M0MDN3-EF14,M0MDN3-EF34_200724_132400_s0a0_p6-0,-90.7329997226269,-11.34365852845898,-11.039477701008417
67,on0,M0MDN3-EF14,M0MDN3-EF34_200807_085000_s0a0_p6-0,-96.49696439177383,-6.144265671224017,-10.245678964331022
68,on0,M0MDN3-EF14,M0MDN3-EF1_200724_091357_s0a0_p6-0,-30.245852903099507,-3.999298195519588,-6.34022803643868
69,on0,M0MDN3-EF14,M0MDN3-EF1_200710_102902_s0a0_p6-0,,,
70,on0,M0MDN3-EF14,M0MDN3-EF40_200724_112223_s0a0_p6-0,,,
71,on0,M0MDN3-EF14,M0MDN3-EF3_200626_112504_s0a0_p6-0,-23.978579549148584,-14.010809194032927,-8.040095017028772
72,on0,M0MDN3-EF14,M0MDN3-EF16_200724_105005_s0a0_p6-0,-53.12161671226528,-13.909138961026853,-8.828240558460562
73,on0,M0MDN3-EF14,M0MDN3-EF16_200710_124532_s0a0_p6-0,-38.11413879548583,-6.147895717593964,-9.239408175926986
74,on0,M0MDN3-EF14,M0MDN3-EF16_200806_092216_s0a0_p6-0,-6.291112272091978,-16.45503524289986,-10.802023895456635
75,on0,M0MDN3-EF14,M0MDN3-EF33_200820_094003_s0a0_p6-0,-21.46011798613833,-8.0346618258673,-4.06850012285076
76,on0,M0MDN3-EF14,M0MDN3-EF33_200807_083804_s0a0_p6-0,-1.159509651370308,-8.560161618839166,-3.774296225592841
77,on0,M0MDN3-EF14,M0MDN3-EF33_200724_133000_s0a0_p6-0,-53.157428120328085,-6.523368760619508,-10.453548668291663
78,on0,M0MDN3-EF14,M0MDN3-EF19_200811_085811_s0a0_p6-0,0.0,-2.545897518921625,-3.997523567673093
79,on0,M0MDN3-EF14,M0MDN3-EF19_200728_090005_s0a0_p6-0,,,
80,on0,M0MDN3-EF14,M0MDN3-EF19_200714_084557_s0a0_p6-0,-26.313753316170573,-15.48690107485605,-9.33784746291893
0,on1,M0MDN3-EF14,M0MDN3-EF14_200806_085901_s0a0_p6-0,-28.06902473973732,-7.798831347335963,-5.298123994898151
1,on1,M0MDN3-EF14,M0MDN3-EF14_200724_095604_s0a0_p6-0,-35.19985985672864,-0.2367510411503923,-4.604387536098892
2,on1,M0MDN3-EF14,M0MDN3-EF14_200710_121010_s0a0_p6-0,,,
3,on1,M0MDN3-EF14,M0MDN3-EF21_200714_092030_s0a0_p6-0,-7.788068025176824,-5.897879469289338,-4.503780851532075
4,on1,M0MDN3-EF14,M0MDN3-EF28_200820_090013_s0a0_p6-0,-77.79194873998976,-9.846616727461097,-8.364092172327988
5,on1,M0MDN3-EF14,M0MDN3-EF28_200806_093417_s0a0_p6-0,-8.661496585172472,-11.303056833078527,-4.970208407047137
6,on1,M0MDN3-EF14,M0MDN3-EF28_200724_144000_s0a0_p6-0,-53.819432042594315,-18.887039719633435,-10.371289281060578
7,on1,M0MDN3-EF14,M0MDN3-EF32_200820_091522_s0a0_p6-0,-18.153864271620588,-3.6583755568440397,-4.143226185489063
8,on1,M0MDN3-EF14,M0MDN3-EF32_200724_140502_s0a0_p6-0,-34.16066491435531,-8.125510536185155,-11.58360888250735
9,on1,M0MDN3-EF14,M0MDN3-EF32_200807_083526_s0a0_p6-0,-34.04462963580812,-7.3120261075514,-7.297851763945435
10,on1,M0MDN3-EF14,M0MDN3-EF20_200728_090315_s0a0_p6-0,-4.647646848283726,-1.6349432849328418,-3.3403337518140837
11,on1,M0MDN3-EF14,M0MDN3-EF20_200714_085525_s0a0_p6-0,-35.64849124975369,-6.012875915866973,-8.463566372288447
12,on1,M0MDN3-EF14,M0MDN3-EF8_200717_091358_s0a0_p6-0,-49.00280336284057,-17.862832092054976,-10.28714983071635
13,on1,M0MDN3-EF14,M0MDN3-EF8_200702_105001_s0a0_p6-0,-34.06069217287682,-0.40299096563301917,-5.110297347509685
14,on1,M0MDN3-EF14,M0MDN3-EF8_200730_094033_s0a0_p6-0,-34.93005165677601,-10.884294268305336,-7.455918960927784
15,on1,M0MDN3-EF14,M0MDN3-EF27_200804_085306_s0a0_p6-0,-6.945992718530348,-10.698279791018772,-4.796925005818225
16,on1,M0MDN3-EF14,M0MDN3-EF27_200720_082700_s0a0_p6-0,-83.43520019645428,-15.785459049739085,-10.38049054603256
17,on1,M0MDN3-EF14,M0MDN3-EF23_200717_104300_s0a0_p6-0,-19.79776567601692,-14.163232635888553,-8.025019097820989
18,on1,M0MDN3-EF14,M0MDN3-EF23_200813_085103_s0a0_p6-0,-98.43230378682942,-14.700486093677258,-11.79434634539326
19,on1,M0MDN3-EF14,M0MDN3-EF23_200730_101904_s0a0_p6-0,-4.568072228513116,-5.590368842705052,-5.526240388384969
20,on1,M0MDN3-EF14,M0MDN3-EF24_200717_103700_s0a0_p6-0,-57.6599039091371,-4.102450557738552,-9.905646568868258
21,on1,M0MDN3-EF14,M0MDN3-EF24_200813_085402_s0a0_p6-0,-30.333052539066568,-4.3136570910309775,-6.9427411991639305
22,on1,M0MDN3-EF14,M0MDN3-EF24_200730_104105_s0a0_p6-0,-22.09780517680942,-9.78581099323689,-5.325457401200205
23,on1,M0MDN3-EF14,M0MDN3-EF5_200626_114107_s0a0_p6-0,-18.603073294493356,-1.4964677741750083,-4.808075650479932
24,on1,M0MDN3-EF14,M0MDN3-EF7_200702_102001_s0a0_p6-0,-28.46022541023632,-8.092464086708347,-6.15339794994227
25,on1,M0MDN3-EF14,M0MDN3-EF7_200730_093405_s0a0_p6-0,-7.214741771160082,-6.325374420393192,-3.5347697900475157
26,on1,M0MDN3-EF14,M0MDN3-EF7_200717_090800_s0a0_p6-0,-40.33751390451486,-8.929310074732195,-9.317310369096496
27,on1,M0MDN3-EF14,M0MDN3-EF11_200702_114649_s0a0_p6-0,,,
28,on1,M0MDN3-EF14,M0MDN3-EF15_200710_120157_s0a0_p6-0,-11.347018424627626,-6.411792610357682,-5.960694294994067
29,on1,M0MDN3-EF14,M0MDN3-EF15_200724_105559_s0a0_p6-0,-30.371500703058125,-10.047524892203727,-7.083581644032243
30,on1,M0MDN3-EF14,M0MDN3-EF17_200806_092804_s0a0_p6-0,-12.887831603304967,-3.1191512587875363,-2.736351178991274
31,on1,M0MDN3-EF14,M0MDN3-EF17_200724_104338_s0a0_p6-0,-6.949837717478921,-1.0921887740933456,-3.1574751635143024
32,on1,M0MDN3-EF14,M0MDN3-EF17_200710_123937_s0a0_p6-0,-22.78900649172195,-14.120504651170101,-7.2199847842148746
33,on1,M0MDN3-EF14,M0MDN3-EF12_200710_110918_s0a0_p6-0,,,
34,on1,M0MDN3-EF14,M0MDN3-EF12_200724_094502_s0a0_p6-0,,,
35,on1,M0MDN3-EF14,M0MDN3-EF37_200807_092515_s0a0_p6-0,-24.648441869061543,-1.0878065636089524,-5.599037912385674
36,on1,M0MDN3-EF14,M0MDN3-EF37_200820_102701_s0a0_p6-0,-58.95998161210459,-8.83567262427286,-9.48432064311511
37,on1,M0MDN3-EF14,M0MDN3-EF37_200724_124633_s0a0_p6-0,,,
38,on1,M0MDN3-EF14,M0MDN3-EF10_200730_101318_s0a0_p6-0,-10.80197167770374,-16.106608999720724,-8.751082979125531
39,on1,M0MDN3-EF14,M0MDN3-EF10_200702_113602_s0a0_p6-0,,,
40,on1,M0MDN3-EF14,M0MDN3-EF10_200717_095113_s0a0_p6-0,-35.87086506221127,-8.430639554796006,-8.977836344457922
41,on1,M0MDN3-EF14,M0MDN3-EF25_200813_090303_s0a0_p6-0,-78.71665120167818,-17.464856312067116,-12.720211587635914
42,on1,M0MDN3-EF14,M0MDN3-EF25_200730_104802_s0a0_p6-0,-27.79991560894816,-15.16121210935814,-7.562435887737893
43,on1,M0MDN3-EF14,M0MDN3-EF25_200717_110900_s0a0_p6-0,-46.825681522110095,-15.394317676308718,-10.732383854681512
44,on1,M0MDN3-EF14,M0MDN3-EF26_200730_105425_s0a0_p6-0,-63.93094692294702,-9.158564831404844,-7.508592216923073
45,on1,M0MDN3-EF14,M0MDN3-EF26_200717_111612_s0a0_p6-0,-31.87513057950463,-8.198580064425212,-6.294128400262467
46,on1,M0MDN3-EF14,M0MDN3-EF30_200806_095602_s0a0_p6-0,-29.65231030681928,-2.598204327251112,-5.540329623192032
47,on1,M0MDN3-EF14,M0MDN3-EF30_200724_141701_s0a0_p6-0,-41.875267226247125,-12.146185534404507,-9.390065233164098
48,on1,M0MDN3-EF14,M0MDN3-EF2_200710_103134_s0a0_p6-0,-21.983282952552553,-4.818037328351491,-7.0547055665964065
49,on1,M0MDN3-EF14,M0MDN3-EF2_200724_091746_s0a0_p6-0,-15.310819445488669,-10.163983878908319,-5.880807250382557
50,on1,M0MDN3-EF14,M0MDN3-EF6_200702_101102_s0a0_p6-0,,,
51,on1,M0MDN3-EF14,M0MDN3-EF6_200730_092727_s0a0_p6-0,-11.723708663285912,-3.118940074097394,-2.400441810700449
52,on1,M0MDN3-EF14,M0MDN3-EF6_200717_090303_s0a0_p6-0,-3.82797566164722,-0.02185976331740563,-0.43033930729582176
53,on1,M0MDN3-EF14,M0MDN3-EF35_200724_125500_s0a0_p6-0,-39.14522666169893,-0.5781698911412143,-6.244415825080646
54,on1,M0MDN3-EF14,M0MDN3-EF35_200807_091001_s0a0_p6-0,-12.961323038673982,-1.7509242128288227,-5.7580781676661505
55,on1,M0MDN3-EF14,M0MDN3-EF35_200820_095512_s0a0_p6-0,-8.592771089635118,-7.383526070443084,-5.554911200064828
56,on1,M0MDN3-EF14,M0MDN3-EF9_200730_100004_s0a0_p6-0,-17.60476979165836,-10.090609875399263,-6.462556197673435
57,on1,M0MDN3-EF14,M0MDN3-EF9_200717_094230_s0a0_p6-0,-79.74214011803313,-19.308825028524794,-9.115131358881964
58,on1,M0MDN3-EF14,M0MDN3-EF9_200702_110335_s0a0_p6-0,,,
59,on1,M0MDN3-EF14,M0MDN3-EF38_200820_103904_s0a0_p6-0,-51.80444538801042,-17.8899779543754,-10.676176745110732
60,on1,M0MDN3-EF14,M0MDN3-EF38_200724_113459_s0a0_p6-0,,,
61,on1,M0MDN3-EF14,M0MDN3-EF38_200807_094201_s0a0_p6-0,-81.97811408387713,-5.80709814222085,-9.305762849191495
62,on1,M0MDN3-EF14,M0MDN3-EF36_200724_123915_s0a0_p6-0,-15.871737758210708,-0.03755004351406717,-1.6012001015519821
63,on1,M0MDN3-EF14,M0MDN3-EF36_200807_091312_s0a0_p6-0,-35.30527171340719,-0.2800319800993729,-4.343085244140034
64,on1,M0MDN3-EF14,M0MDN3-EF36_200820_100426_s0a0_p6-0,-28.46273174991348,-11.533982706988532,-6.031277748281872
65,on1,M0MDN3-EF14,M0MDN3-EF34_200820_094928_s0a0_p6-0,-50.02348084057107,-7.037401283292439,-9.22198370236754
66,on1,M0MDN3-EF14,M0MDN3-EF34_200724_132400_s0a0_p6-0,-47.16661751680111,-3.3265767658373604,-9.566230821841927
67,on1,M0MDN3-EF14,M0MDN3-EF34_200807_085000_s0a0_p6-0,-21.672960447342245,-0.3999921531159329,-2.25319388889722
68,on1,M0MDN3-EF14,M0MDN3-EF1_200724_091357_s0a0_p6-0,-33.130190234092254,-8.595758598213644,-8.103454891505955
69,on1,M0MDN3-EF14,M0MDN3-EF1_200710_102902_s0a0_p6-0,-27.463673257980503,-13.175356750263395,-6.033855238006979
70,on1,M0MDN3-EF14,M0MDN3-EF40_200724_112223_s0a0_p6-0,-24.638892865631554,-8.947664610183985,-8.002552289549085
71,on1,M0MDN3-EF14,M0MDN3-EF3_200626_112504_s0a0_p6-0,-37.08451560575937,-11.892543909091833,-8.361672728105978
72,on1,M0MDN3-EF14,M0MDN3-EF16_200724_105005_s0a0_p6-0,-29.22974443511493,-10.763559055366928,-5.8953818707268635
73,on1,M0MDN3-EF14,M0MDN3-EF16_200710_124532_s0a0_p6-0,-23.880778976319156,-1.2602803396956577,-6.389100631503281
74,on1,M0MDN3-EF14,M0MDN3-EF16_200806_092216_s0a0_p6-0,-37.433163703405825,-0.6573343352154232,-6.9132802095181125
75,on1,M0MDN3-EF14,M0MDN3-EF33_200820_094003_s0a0_p6-0,-13.281391472205893,-6.375624534860189,-2.92686636934862
76,on1,M0MDN3-EF14,M0MDN3-EF33_200807_083804_s0a0_p6-0,-2.3863179179251985,-5.047158853917515,-3.084246335318477
77,on1,M0MDN3-EF14,M0MDN3-EF33_200724_133000_s0a0_p6-0,-38.98449699556428,-11.388222975419339,-7.928231848176985
78,on1,M0MDN3-EF14,M0MDN3-EF19_200811_085811_s0a0_p6-0,-4.178974037939164,-1.0655926202585726,-3.321197061125231
79,on1,M0MDN3-EF14,M0MDN3-EF19_200728_090005_s0a0_p6-0,-52.82777232495561,-3.6010330081787947,-11.112384095776859
80,on1,M0MDN3-EF14,M0MDN3-EF19_200714_084557_s0a0_p6-0,-37.58459334658356,-8.664188359566811,-8.877177309855403
0,on2,M0MDN3-EF14,M0MDN3-EF14_200806_085901_s0a0_p6-0,-28.06376852573513,-4.714152447086021,-5.315574896894825
1,on2,M0MDN3-EF14,M0MDN3-EF14_200724_095604_s0a0_p6-0,-18.796347297240132,-0.7550130226050212,-4.338596305937041
2,on2,M0MDN3-EF14,M0MDN3-EF14_200710_121010_s0a0_p6-0,-34.56213602523402,-0.12757333135261945,-3.1805546545914534
3,on2,M0MDN3-EF14,M0MDN3-EF21_200714_092030_s0a0_p6-0,-16.093915285716484,-1.3968315796146116,-5.319884395871663
4,on2,M0MDN3-EF14,M0MDN3-EF28_200820_090013_s0a0_p6-0,-31.180760179367205,-11.106023235245758,-7.027340296555201
5,on2,M0MDN3-EF14,M0MDN3-EF28_200806_093417_s0a0_p6-0,-16.042291160253267,-8.370286326064889,-3.9338182576990706
6,on2,M0MDN3-EF14,M0MDN3-EF28_200724_144000_s0a0_p6-0,-36.75425886746867,-2.6451788761804678,-8.225800773963401
7,on2,M0MDN3-EF14,M0MDN3-EF32_200820_091522_s0a0_p6-0,-19.490770411083247,-0.7077475362014685,-3.51403555889783
8,on2,M0MDN3-EF14,M0MDN3-EF32_200724_140502_s0a0_p6-0,-7.308413023786566,-15.352922614748472,-7.354940862667277
9,on2,M0MDN3-EF14,M0MDN3-EF32_200807_083526_s0a0_p6-0,-6.880641359588368,-6.347638111710567,-5.054309445022947
10,on2,M0MDN3-EF14,M0MDN3-EF20_200728_090315_s0a0_p6-0,-31.68807910284082,-11.298302855454079,-7.6048071685869205
11,on2,M0MDN3-EF14,M0MDN3-EF20_200714_085525_s0a0_p6-0,-62.25712087498952,-13.047792724101837,-9.720255306269923
12,on2,M0MDN3-EF14,M0MDN3-EF8_200717_091358_s0a0_p6-0,-46.19868907951737,-10.312960908258072,-8.392777725740839
13,on2,M0MDN3-EF14,M0MDN3-EF8_200702_105001_s0a0_p6-0,,,
14,on2,M0MDN3-EF14,M0MDN3-EF8_200730_094033_s0a0_p6-0,-5.85683684521493,-4.404374730663891,-5.4644522656976795
15,on2,M0MDN3-EF14,M0MDN3-EF27_200804_085306_s0a0_p6-0,-32.44551512138296,-9.58366019643261,-5.744551185211765
16,on2,M0MDN3-EF14,M0MDN3-EF27_200720_082700_s0a0_p6-0,,,
17,on2,M0MDN3-EF14,M0MDN3-EF23_200717_104300_s0a0_p6-0,-34.4869705137604,-1.9096324268350926,-7.39165960733686
18,on2,M0MDN3-EF14,M0MDN3-EF23_200813_085103_s0a0_p6-0,-53.51257341997214,-3.17585020412805,-7.180935877809763
19,on2,M0MDN3-EF14,M0MDN3-EF23_200730_101904_s0a0_p6-0,-30.86417009723379,-11.861112952419798,-7.927465888774537
20,on2,M0MDN3-EF14,M0MDN3-EF24_200717_103700_s0a0_p6-0,-21.178247126410394,-10.762773821480701,-5.848742744405436
21,on2,M0MDN3-EF14,M0MDN3-EF24_200813_085402_s0a0_p6-0,-68.6857594549842,-15.868118544226176,-10.435022987947944
22,on2,M0MDN3-EF14,M0MDN3-EF24_200730_104105_s0a0_p6-0,-10.470890768346653,-6.61147186836499,-5.09489554800914
23,on2,M0MDN3-EF14,M0MDN3-EF5_200626_114107_s0a0_p6-0,-6.642900406044948,-2.362355362161,-3.8701261254139063
24,on2,M0MDN3-EF14,M0MDN3-EF7_200702_102001_s0a0_p6-0,-14.295425444155791,-1.0736101000538216,-3.36162997648443
25,on2,M0MDN3-EF14,M0MDN3-EF7_200730_093405_s0a0_p6-0,-22.21929244864577,-5.375526193359061,-4.640811719520581
26,on2,M0MDN3-EF14,M0MDN3-EF7_200717_090800_s0a0_p6-0,-35.888886994583864,-8.384067139400774,-7.125767745294277
27,on2,M0MDN3-EF14,M0MDN3-EF11_200702_114649_s0a0_p6-0,-9.35246597709907,-1.0731806231625385,-1.688820976455599
28,on2,M0MDN3-EF14,M0MDN3-EF15_200710_120157_s0a0_p6-0,-42.37875034258415,-12.934721288472685,-7.400153229972469
29,on2,M0MDN3-EF14,M0MDN3-EF15_200724_105559_s0a0_p6-0,-14.316339667415958,-8.391342833412667,-5.9643375913689045
30,on2,M0MDN3-EF14,M0MDN3-EF17_200806_092804_s0a0_p6-0,-10.726431184919571,-0.11172151677145517,-1.5870690896890298
31,on2,M0MDN3-EF14,M0MDN3-EF17_200724_104338_s0a0_p6-0,-8.891127417937343,-1.8927512878509685,-2.8767559657746387
32,on2,M0MDN3-EF14,M0MDN3-EF17_200710_123937_s0a0_p6-0,-31.540367750772006,-14.78000674609715,-9.587446492067624
33,on2,M0MDN3-EF14,M0MDN3-EF12_200710_110918_s0a0_p6-0,-34.37328202023751,-9.489075442054911,-6.667399730208749
34,on2,M0MDN3-EF14,M0MDN3-EF12_200724_094502_s0a0_p6-0,-21.709090443497224,-9.52480900393721,-4.857343618230867
35,on2,M0MDN3-EF14,M0MDN3-EF37_200807_092515_s0a0_p6-0,,,
36,on2,M0MDN3-EF14,M0MDN3-EF37_200820_102701_s0a0_p6-0,-43.38721038172506,-10.235001229844228,-8.241973402353283
37,on2,M0MDN3-EF14,M0MDN3-EF37_200724_124633_s0a0_p6-0,-53.87488940671393,-9.920496921710141,-11.5233907376217
38,on2,M0MDN3-EF14,M0MDN3-EF10_200730_101318_s0a0_p6-0,-58.24660323244755,-12.61242817682926,-10.718249631184914
39,on2,M0MDN3-EF14,M0MDN3-EF10_200702_113602_s0a0_p6-0,-22.759358336856096,-7.9249356910149835,-6.551142137900912
40,on2,M0MDN3-EF14,M0MDN3-EF10_200717_095113_s0a0_p6-0,-26.616856812752356,-2.269749305139301,-5.929483345332726
41,on2,M0MDN3-EF14,M0MDN3-EF25_200813_090303_s0a0_p6-0,-24.874284342240827,-11.453176416487384,-7.384648611740671
42,on2,M0MDN3-EF14,M0MDN3-EF25_200730_104802_s0a0_p6-0,-30.557488484604068,-13.09696031335352,-6.478195778777159
43,on2,M0MDN3-EF14,M0MDN3-EF25_200717_110900_s0a0_p6-0,-123.06905485182132,-21.11608299504681,-10.165304568200295
44,on2,M0MDN3-EF14,M0MDN3-EF26_200730_105425_s0a0_p6-0,,,
45,on2,M0MDN3-EF14,M0MDN3-EF26_200717_111612_s0a0_p6-0,-15.121813301856953,-4.400973535632799,-3.114243739000672
46,on2,M0MDN3-EF14,M0MDN3-EF30_200806_095602_s0a0_p6-0,-32.0798877509466,-12.270409236491613,-6.400064344561082
47,on2,M0MDN3-EF14,M0MDN3-EF30_200724_141701_s0a0_p6-0,-103.01776944812957,-10.245665691936642,-10.244525819901494
48,on2,M0MDN3-EF14,M0MDN3-EF2_200710_103134_s0a0_p6-0,-42.88738986303445,-11.2275896798743,-9.377044376957738
49,on2,M0MDN3-EF14,M0MDN3-EF2_200724_091746_s0a0_p6-0,-26.74675007872553,-6.310404338371593,-6.388904876692022
50,on2,M0MDN3-EF14,M0MDN3-EF6_200702_101102_s0a0_p6-0,,,
51,on2,M0MDN3-EF14,M0MDN3-EF6_200730_092727_s0a0_p6-0,-18.758534181697968,-3.294578602884426,-3.4109146325118442
52,on2,M0MDN3-EF14,M0MDN3-EF6_200717_090303_s0a0_p6-0,-22.66547104826262,-1.6662839860045586,-4.488931444390993
53,on2,M0MDN3-EF14,M0MDN3-EF35_200724_125500_s0a0_p6-0,,,
54,on2,M0MDN3-EF14,M0MDN3-EF35_200807_091001_s0a0_p6-0,,,
55,on2,M0MDN3-EF14,M0MDN3-EF35_200820_095512_s0a0_p6-0,-11.628366737252469,-6.813907159240122,-4.840538208235712
56,on2,M0MDN3-EF14,M0MDN3-EF9_200730_100004_s0a0_p6-0,-26.3645184074054,-9.764821356425646,-5.7103266953053895
57,on2,M0MDN3-EF14,M0MDN3-EF9_200717_094230_s0a0_p6-0,-36.5619551698056,-8.544113721923486,-6.830362029878533
58,on2,M0MDN3-EF14,M0MDN3-EF9_200702_110335_s0a0_p6-0,-19.0808072094207,-11.517942192296028,-5.913522591994494
59,on2,M0MDN3-EF14,M0MDN3-EF38_200820_103904_s0a0_p6-0,-43.775512051730075,-13.726856951152847,-10.956777637019481
60,on2,M0MDN3-EF14,M0MDN3-EF38_200724_113459_s0a0_p6-0,-12.849081056315827,-9.14149049208306,-7.62334523457601
61,on2,M0MDN3-EF14,M0MDN3-EF38_200807_094201_s0a0_p6-0,-25.525901050620334,-0.24191653454537787,-3.41758773934974
62,on2,M0MDN3-EF14,M0MDN3-EF36_200724_123915_s0a0_p6-0,-20.912680711149235,-1.0488969023039043,-4.6770488054843575
63,on2,M0MDN3-EF14,M0MDN3-EF36_200807_091312_s0a0_p6-0,-16.97752710177808,-2.0547880251342927,-3.3067366150335364
64,on2,M0MDN3-EF14,M0MDN3-EF36_200820_100426_s0a0_p6-0,-27.30995367010974,-9.282155930473685,-5.427626307053578
65,on2,M0MDN3-EF14,M0MDN3-EF34_200820_094928_s0a0_p6-0,-19.394679836298984,-6.428158767168791,-5.840750634471001
66,on2,M0MDN3-EF14,M0MDN3-EF34_200724_132400_s0a0_p6-0,-44.092363609457955,-19.568060386576153,-9.276316034750977
67,on2,M0MDN3-EF14,M0MDN3-EF34_200807_085000_s0a0_p6-0,-31.053919406486134,-1.2975587782482156,-7.030192167348324
68,on2,M0MDN3-EF14,M0MDN3-EF1_200724_091357_s0a0_p6-0,-44.47011788647811,-7.245205750797524,-8.541880342939475
69,on2,M0MDN3-EF14,M0MDN3-EF1_200710_102902_s0a0_p6-0,-22.29867556992964,-6.227139997636795,-5.321734365795579
70,on2,M0MDN3-EF14,M0MDN3-EF40_200724_112223_s0a0_p6-0,-10.546775282486037,-3.2058259644402023,-5.923236110535068
71,on2,M0MDN3-EF14,M0MDN3-EF3_200626_112504_s0a0_p6-0,-17.01348949857153,-10.559549683131983,-6.4241298317541
72,on2,M0MDN3-EF14,M0MDN3-EF16_200724_105005_s0a0_p6-0,-47.665213957470435,-13.497996328503556,-10.893166570570287
73,on2,M0MDN3-EF14,M0MDN3-EF16_200710_124532_s0a0_p6-0,-34.191928063556325,-1.2189602863423399,-6.746171373487063
74,on2,M0MDN3-EF14,M0MDN3-EF16_200806_092216_s0a0_p6-0,-36.357146896813845,-8.731956357343554,-7.478067003892143
75,on2,M0MDN3-EF14,M0MDN3-EF33_200820_094003_s0a0_p6-0,-11.568300068489789,-4.660894821756933,-2.5736658486227673
76,on2,M0MDN3-EF14,M0MDN3-EF33_200807_083804_s0a0_p6-0,-1.2582714555945045,-7.339671368114209,-3.282389724137628
77,on2,M0MDN3-EF14,M0MDN3-EF33_200724_133000_s0a0_p6-0,-21.874282247140712,-1.2553648159748971,-4.6884650176764096
78,on2,M0MDN3-EF14,M0MDN3-EF19_200811_085811_s0a0_p6-0,-4.143350390968502,-1.8880095262885523,-5.46201110757825
79,on2,M0MDN3-EF14,M0MDN3-EF19_200728_090005_s0a0_p6-0,-57.11258001725661,-9.086683382591328,-8.310358716101529
80,on2,M0MDN3-EF14,M0MDN3-EF19_200714_084557_s0a0_p6-0,-91.46581294583845,-2.998211358550555,-9.561373561889233
0,on0,M0MDN3-IF40,M0MDN3-IF40_200820_104545_s0a0_p6-0,-94.99472136324562,-2.795750654897408,-9.88017087612542
1,on0,M0MDN3-IF40,M0MDN3-IF40_200724_111904_s0a0_p6-0,-23.818157739560256,-23.860712146347367,-11.137937724860274
2,on0,M0MDN3-IF40,M0MDN3-IF40_200807_095501_s0a0_p6-0,-25.26561658222502,-2.013163876027896,-4.137710398842128
3,on0,M0MDN3-IF40,M0MDN3-IF9_200702_105651_s0a0_p6-0,-29.47356841348788,-14.988544584271162,-6.547336654294632
4,on0,M0MDN3-IF40,M0MDN3-IF9_200717_094831_s0a0_p6-0,-34.68604474443472,-10.958133673339121,-7.82980610656461
5,on0,M0MDN3-IF40,M0MDN3-IF2_200724_090802_s0a0_p6-0,-35.22986606855064,-17.60401966976726,-7.453521729141702
6,on0,M0MDN3-IF40,M0MDN3-IF2_200626_104416_s0a0_p6-0,-69.38270507310004,-10.697532046638212,-10.089802483338403
7,on0,M0MDN3-IF40,M0MDN3-IF2_200710_102600_s0a0_p6-0,-31.549119751739124,-9.419144106579473,-6.036312351942437
8,on0,M0MDN3-IF40,M0MDN3-IF25_200813_090614_s0a0_p6-0,-51.45958628154946,-4.607570108018797,-9.271723811387968
9,on0,M0MDN3-IF40,M0MDN3-IF25_200730_105105_s0a0_p6-0,-20.587626448390534,-4.182489907037308,-5.631981977896853
10,on0,M0MDN3-IF40,M0MDN3-IF25_200717_111201_s0a0_p6-0,-27.082824596706374,-0.10517698256326288,-1.8523381086005644
11,on0,M0MDN3-IF40,M0MDN3-IF29_200724_143700_s0a0_p6-0,-15.874192371472512,-20.865992528455976,-12.518934557404242
12,on0,M0MDN3-IF40,M0MDN3-IF33_200820_094301_s0a0_p6-0,-38.54724479119607,-9.029797693719011,-7.277382563231495
13,on0,M0MDN3-IF40,M0MDN3-IF33_200807_084402_s0a0_p6-0,,,
14,on0,M0MDN3-IF40,M0MDN3-IF33_200724_132700_s0a0_p6-0,-18.109998931488764,-2.4332799886330987,-8.514644131976665
15,on0,M0MDN3-IF40,M0MDN3-IF39_200807_095201_s0a0_p6-0,-28.12548708566449,-4.326020701111479,-7.863865578181957
16,on0,M0MDN3-IF40,M0MDN3-IF39_200820_104212_s0a0_p6-0,,,
17,on0,M0MDN3-IF40,M0MDN3-IF39_200724_113202_s0a0_p6-0,,,
18,on0,M0MDN3-IF40,M0MDN3-IF10_200702_113303_s0a0_p6-0,-21.71210768429853,-6.633816739066227,-5.247135131193523
19,on0,M0MDN3-IF40,M0MDN3-IF10_200717_095400_s0a0_p6-0,-7.534645275933659,-12.464105472951234,-7.03210637476674
20,on0,M0MDN3-IF40,M0MDN3-IF37_200724_124926_s0a0_p6-0,-3.7465483376357156,-5.221455084397123,-3.720563718267964
21,on0,M0MDN3-IF40,M0MDN3-IF37_200807_092201_s0a0_p6-0,-14.675404992468705,-1.2984487959637443,-4.659325407690201
22,on0,M0MDN3-IF40,M0MDN3-IF37_200820_103001_s0a0_p6-0,-2.673325374088075,-1.819160372122092,-3.9118820917338457
23,on0,M0MDN3-IF40,M0MDN3-IF31_200820_090938_s0a0_p6-0,-27.077272193325626,-8.043634974709054,-5.625256619867804
24,on0,M0MDN3-IF40,M0MDN3-IF31_200724_141409_s0a0_p6-0,-37.290578382625846,-26.644940870216914,-13.546093500169897
25,on0,M0MDN3-IF40,M0MDN3-IF31_200806_100206_s0a0_p6-0,-98.99073173181621,-22.8874788032649,-13.560924577408253
26,on0,M0MDN3-IF40,M0MDN3-IF21_200728_091903_s0a0_p6-0,-90.864473105231,-11.086251689945803,-8.026712657790947
27,on0,M0MDN3-IF40,M0MDN3-IF21_200714_092630_s0a0_p6-0,-58.23167510999383,-9.694987749541843,-13.862813519428364
28,on0,M0MDN3-IF40,M0MDN3-IF21_200811_085502_s0a0_p6-0,-25.453079474221898,-11.014454259015855,-6.026257406856151
29,on0,M0MDN3-IF40,M0MDN3-IF27_200819_083450_s0a0_p6-0,-50.93938074751118,-7.8488307769812895,-9.78446388189352
30,on0,M0MDN3-IF40,M0MDN3-IF27_200804_085004_s0a0_p6-0,-30.635658983936658,-12.411754215798382,-5.772240454949558
31,on0,M0MDN3-IF40,M0MDN3-IF27_200720_083000_s0a0_p6-0,-8.273766839395517,-4.286069450723885,-4.280618803740697
32,on0,M0MDN3-IF40,M0MDN3-IF12_200710_111204_s0a0_p6-0,-25.812958059118102,-18.14895749741103,-9.442094926763613
33,on0,M0MDN3-IF40,M0MDN3-IF12_200806_084424_s0a0_p6-0,,,
34,on0,M0MDN3-IF40,M0MDN3-IF12_200724_094302_s0a0_p6-0,-17.1416474574171,-15.79846052907414,-12.10010732288574
35,on0,M0MDN3-IF40,M0MDN3-IF4_200710_104401_s0a0_p6-0,-26.463215727348636,-7.771557575908671,-4.6764136599718285
36,on0,M0MDN3-IF40,M0MDN3-IF4_200626_112818_s0a0_p6-0,-21.09989649518823,-2.4591162755353633,-8.888589438454364
37,on0,M0MDN3-IF40,M0MDN3-IF4_200724_092500_s0a0_p6-0,,,
38,on0,M0MDN3-IF40,M0MDN3-IF18_200811_091010_s0a0_p6-0,-30.871339926843298,-4.749306914294002,-4.712277205124202
39,on0,M0MDN3-IF40,M0MDN3-IF18_200714_084259_s0a0_p6-0,-34.511751855871225,-7.275208432000655,-8.263809147845263
40,on0,M0MDN3-IF40,M0MDN3-IF18_200728_091310_s0a0_p6-0,-23.41280692522282,-7.45075296148465,-4.851605845153539
41,on0,M0MDN3-IF40,M0MDN3-IF35_200807_090419_s0a0_p6-0,-18.494738566120834,-7.687235588691259,-4.143611543369554
42,on0,M0MDN3-IF40,M0MDN3-IF35_200820_095800_s0a0_p6-0,-19.801081847721,-5.83214813296833,-6.314433593650541
43,on0,M0MDN3-IF40,M0MDN3-IF35_200724_130101_s0a0_p6-0,-67.07948667227619,-23.846377437751265,-15.602058928175921
44,on0,M0MDN3-IF40,M0MDN3-IF30_200820_090602_s0a0_p6-0,-75.5901267714047,-13.121829971068532,-8.907447410254699
45,on0,M0MDN3-IF40,M0MDN3-IF30_200724_142301_s0a0_p6-0,-16.618989144318615,-7.814109127015739,-8.73827973219744
46,on0,M0MDN3-IF40,M0MDN3-IF30_200806_095902_s0a0_p6-0,,,
47,on0,M0MDN3-IF40,M0MDN3-IF34_200724_131640_s0a0_p6-0,-33.550994506913774,-9.32005301525214,-9.828209879391862
48,on0,M0MDN3-IF40,M0MDN3-IF26_200730_105801_s0a0_p6-0,-16.162166308393704,-13.55314508992961,-7.626107768545212
49,on0,M0MDN3-IF40,M0MDN3-IF26_200813_090907_s0a0_p6-0,-26.79526711033765,-4.792875249023662,-5.779112524429744
50,on0,M0MDN3-IF40,M0MDN3-IF26_200717_112413_s0a0_p6-0,-112.67296501342287,-16.410307904906713,-24.63567803768921
51,on0,M0MDN3-IF40,M0MDN3-IF20_200714_090130_s0a0_p6-0,-57.54668978539628,-8.340656192706007,-8.620183144145429
52,on0,M0MDN3-IF40,M0MDN3-IF20_200728_091620_s0a0_p6-0,-46.123435960546985,-5.926646593500121,-6.590907904541128
53,on0,M0MDN3-IF40,M0MDN3-IF11_200717_095716_s0a0_p6-0,-2.511806254146426,-8.618011654290495,-4.60962393250358
54,on0,M0MDN3-IF40,M0MDN3-IF11_200702_114201_s0a0_p6-0,-30.43316120810253,-8.51200810683641,-7.604115286884118
55,on0,M0MDN3-IF40,M0MDN3-IF11_200730_101601_s0a0_p6-0,-20.39164396439945,-6.7572101812883805,-4.140275692779047
56,on0,M0MDN3-IF40,M0MDN3-IF3_200626_111806_s0a0_p6-0,-129.19795498027898,-18.987096994141577,-15.543868461678969
57,on0,M0MDN3-IF40,M0MDN3-IF3_200724_091136_s0a0_p6-0,0.0,-0.35400639170743,-3.2335685966485723
58,on0,M0MDN3-IF40,M0MDN3-IF3_200710_103901_s0a0_p6-0,-33.931869828824254,-13.794393654478853,-8.17487485429772
59,on0,M0MDN3-IF40,M0MDN3-IF22_200714_093235_s0a0_p6-0,-63.26325812702198,-1.7354178733686236,-9.71947239984562
60,on0,M0MDN3-IF40,M0MDN3-IF22_200728_092244_s0a0_p6-0,-2.9507270924441333,-4.5399992343037985,-3.4206398987873103
61,on0,M0MDN3-IF40,M0MDN3-IF1_200626_103303_s0a0_p6-0,-5.47282472802108,-11.140115760607271,-5.659214189240129
62,on0,M0MDN3-IF40,M0MDN3-IF1_200710_103631_s0a0_p6-0,-22.05660486086622,-0.6143848973187653,-4.8196802925285676
63,on0,M0MDN3-IF40,M0MDN3-IF16_200806_092512_s0a0_p6-0,-59.42395066866959,-7.759366839715209,-7.332750302569574
64,on0,M0MDN3-IF40,M0MDN3-IF16_200724_104618_s0a0_p6-0,-9.699673220683298,-0.9775923463929991,-4.552136355129668
65,on0,M0MDN3-IF40,M0MDN3-IF16_200710_125100_s0a0_p6-0,-45.233331787839674,-17.8467698105551,-10.994263369084024
66,on0,M0MDN3-IF40,M0MDN3-IF13_200806_084957_s0a0_p6-0,-36.4779792283028,-9.896704718612463,-6.152542783303171
67,on0,M0MDN3-IF40,M0MDN3-IF13_200724_095013_s0a0_p6-0,-55.93436108521996,-11.40040984143987,-11.529741130062186
68,on0,M0MDN3-IF40,M0MDN3-IF13_200710_111458_s0a0_p6-0,-16.428289282530805,-12.825011952562592,-9.98094776008061
69,on0,M0MDN3-IF40,M0MDN3-IF19_200728_091015_s0a0_p6-0,-3.6343604875332063,-5.593141764723941,-4.399950302211208
70,on0,M0MDN3-IF40,M0MDN3-IF19_200714_085128_s0a0_p6-0,-37.932128958850285,-10.394265693349308,-8.446403956670805
71,on0,M0MDN3-IF40,M0MDN3-IF19_200811_091609_s0a0_p6-0,,,
72,on0,M0MDN3-IF40,M0MDN3-IF7_200730_093706_s0a0_p6-0,-36.5141427382682,-12.314651575311505,-6.6532947714994295
73,on0,M0MDN3-IF40,M0MDN3-IF7_200717_091116_s0a0_p6-0,-26.870830092356396,-7.622944431757525,-6.47848976973875
74,on0,M0MDN3-IF40,M0MDN3-IF7_200702_101710_s0a0_p6-0,-25.44449831484452,-10.801346792477263,-8.297978423889772
75,on0,M0MDN3-IF40,M0MDN3-IF14_200724_100137_s0a0_p6-0,-22.02610201961414,-18.900906946478766,-9.755417770812002
76,on0,M0MDN3-IF40,M0MDN3-IF14_200710_121555_s0a0_p6-0,-75.38248784950167,-5.3147697187348815,-11.724769211179046
77,on0,M0MDN3-IF40,M0MDN3-IF14_200806_085601_s0a0_p6-0,-116.30654271092067,-9.268248001884004,-10.713227582212866
78,on0,M0MDN3-IF40,M0MDN3-IF23_200717_104901_s0a0_p6-0,-15.52381564658652,-0.09433818363521249,-1.8075406825536284
79,on0,M0MDN3-IF40,M0MDN3-IF23_200813_084503_s0a0_p6-0,-1.8626876016555627,-7.471158541229889,-6.5951679601612785
80,on0,M0MDN3-IF40,M0MDN3-IF23_200730_102502_s0a0_p6-0,-26.873765530546635,-8.616941113226899,-5.3366377134218865
81,on0,M0MDN3-IF40,M0MDN3-IF6_200702_100502_s0a0_p6-0,-25.03787798446521,-0.14538626328853466,-2.710480731667768
82,on0,M0MDN3-IF40,M0MDN3-IF6_200730_093001_s0a0_p6-0,-40.7110925737401,-1.10508886047381,-8.824538767172704
83,on0,M0MDN3-IF40,M0MDN3-IF6_200717_090558_s0a0_p6-0,-43.82081149539356,-1.8204960380299395,-9.04401454123889
84,on0,M0MDN3-IF40,M0MDN3-IF38_200724_114101_s0a0_p6-0,,,
85,on0,M0MDN3-IF40,M0MDN3-IF38_200807_093902_s0a0_p6-0,-84.8062266626353,-27.076265322893722,-13.18640198979823
86,on0,M0MDN3-IF40,M0MDN3-IF32_200820_091902_s0a0_p6-0,-2.960201261015078,-2.5030658747630503,-3.224802991035429
87,on0,M0MDN3-IF40,M0MDN3-IF32_200807_082912_s0a0_p6-0,-23.250582169105336,-6.766797888140766,-4.882577256374948
88,on0,M0MDN3-IF40,M0MDN3-IF32_200724_140200_s0a0_p6-0,-3.3882868334324683,-18.1687922063236,-9.564085848438456
89,on0,M0MDN3-IF40,M0MDN3-IF36_200820_102102_s0a0_p6-0,-16.51909353098156,-1.4173547884062008,-5.822001777780385
90,on0,M0MDN3-IF40,M0MDN3-IF36_200807_091901_s0a0_p6-0,-13.103768269373216,-17.074350622765106,-10.239852476582401
91,on0,M0MDN3-IF40,M0MDN3-IF36_200724_123600_s0a0_p6-0,,,
92,on0,M0MDN3-IF40,M0MDN3-IF8_200717_092001_s0a0_p6-0,-24.626869664339807,-7.0593654335852385,-5.724383504777401
93,on0,M0MDN3-IF40,M0MDN3-IF8_200702_104658_s0a0_p6-0,-54.197872084300904,-4.39851262598901,-9.434495966666454
94,on0,M0MDN3-IF40,M0MDN3-IF8_200730_094645_s0a0_p6-0,-61.66008360894265,-15.155812389120362,-9.469549292578298
95,on0,M0MDN3-IF40,M0MDN3-IF5_200626_113528_s0a0_p6-0,-69.70276546500226,-19.21456574890356,-13.754651244045082
96,on0,M0MDN3-IF40,M0MDN3-IF5_200724_092230_s0a0_p6-0,-19.018672007048163,-6.265999849918689,-3.9477519432519164
97,on0,M0MDN3-IF40,M0MDN3-IF5_200710_102306_s0a0_p6-0,-26.772353699781856,-10.024295309573018,-5.5057759946625415
98,on0,M0MDN3-IF40,M0MDN3-IF28_200724_144300_s0a0_p6-0,-67.95824656846254,-2.3923280279828836,-12.025539767604469
99,on0,M0MDN3-IF40,M0MDN3-IF15_200710_120751_s0a0_p6-0,-1.8374708491766174,-5.090132276774284,-4.103277433799031
100,on0,M0MDN3-IF40,M0MDN3-IF15_200806_090507_s0a0_p6-0,-4.926054038878429,-0.5468602093331311,-2.1053376831593735
101,on0,M0MDN3-IF40,M0MDN3-IF15_200724_105907_s0a0_p6-0,0.0,-0.02982504191664643,-1.6752407050713405
102,on0,M0MDN3-IF40,M0MDN3-IF17_200724_104101_s0a0_p6-0,-3.679598530360942,-9.945891998707367,-5.580187938349262
103,on0,M0MDN3-IF40,M0MDN3-IF17_200710_124201_s0a0_p6-0,-55.14407885794896,-3.373273169775414,-11.57888072846852
104,on0,M0MDN3-IF40,M0MDN3-IF24_200813_090020_s0a0_p6-0,,,
105,on0,M0MDN3-IF40,M0MDN3-IF24_200717_104007_s0a0_p6-0,,,
106,on0,M0MDN3-IF40,M0MDN3-IF24_200730_103806_s0a0_p6-0,-74.64780819386483,-15.776477510405376,-11.157159745571143
0,on1,M0MDN3-IF40,M0MDN3-IF40_200820_104545_s0a0_p6-0,-19.740910601580453,-18.60205583586883,-14.58665792470781
1,on1,M0MDN3-IF40,M0MDN3-IF40_200724_111904_s0a0_p6-0,-70.62051063921743,-15.731538886366106,-11.854952300880827
2,on1,M0MDN3-IF40,M0MDN3-IF40_200807_095501_s0a0_p6-0,-89.76786428078644,-4.620239014093658,-9.674663555922479
3,on1,M0MDN3-IF40,M0MDN3-IF9_200702_105651_s0a0_p6-0,-25.998106703500394,-3.347535058825767,-8.15937687782476
4,on1,M0MDN3-IF40,M0MDN3-IF9_200717_094831_s0a0_p6-0,-31.916861646569465,-13.044047746099297,-6.87768092585627
5,on1,M0MDN3-IF40,M0MDN3-IF2_200724_090802_s0a0_p6-0,-57.4375608617105,-9.464053685780952,-12.542433406676864
6,on1,M0MDN3-IF40,M0MDN3-IF2_200626_104416_s0a0_p6-0,-65.440785036706,-5.021505053015096,-10.931539934728942
7,on1,M0MDN3-IF40,M0MDN3-IF2_200710_102600_s0a0_p6-0,-11.150018898044307,-7.150941256257827,-4.909546382495027
8,on1,M0MDN3-IF40,M0MDN3-IF25_200813_090614_s0a0_p6-0,-37.747706977041275,-5.353026324702829,-7.751646178134134
9,on1,M0MDN3-IF40,M0MDN3-IF25_200730_105105_s0a0_p6-0,-17.211835326689332,-1.2185630331990016,-3.878182218724402
10,on1,M0MDN3-IF40,M0MDN3-IF25_200717_111201_s0a0_p6-0,,,
11,on1,M0MDN3-IF40,M0MDN3-IF29_200724_143700_s0a0_p6-0,-19.695042783543737,-25.29289031675857,-9.782968518829913
12,on1,M0MDN3-IF40,M0MDN3-IF33_200820_094301_s0a0_p6-0,-29.848790652464476,-2.0310173868863943,-6.191649997224524
13,on1,M0MDN3-IF40,M0MDN3-IF33_200807_084402_s0a0_p6-0,-5.943679303574501,-12.226455512054724,-6.440571781134854
14,on1,M0MDN3-IF40,M0MDN3-IF33_200724_132700_s0a0_p6-0,-49.175598563855125,-2.664809735969487,-10.876619823008317
15,on1,M0MDN3-IF40,M0MDN3-IF39_200807_095201_s0a0_p6-0,-34.55728444419673,-4.024134639783759,-7.160461515196948
16,on1,M0MDN3-IF40,M0MDN3-IF39_200820_104212_s0a0_p6-0,-12.108658409531886,-0.4956998860344689,-3.498850660485438
17,on1,M0MDN3-IF40,M0MDN3-IF39_200724_113202_s0a0_p6-0,-15.701857732176965,-24.671868916223243,-11.882428486761112
18,on1,M0MDN3-IF40,M0MDN3-IF10_200702_113303_s0a0_p6-0,-12.044021879693746,-2.122944366777872,-4.02103505377091
19,on1,M0MDN3-IF40,M0MDN3-IF10_200717_095400_s0a0_p6-0,-11.175751429237028,-12.14123950386996,-7.6645489579453985
20,on1,M0MDN3-IF40,M0MDN3-IF37_200724_124926_s0a0_p6-0,-7.363317364506655,-6.043564913515934,-5.786845338355315
21,on1,M0MDN3-IF40,M0MDN3-IF37_200807_092201_s0a0_p6-0,-1.5184316578784016,-4.612867816495096,-4.342865176570814
22,on1,M0MDN3-IF40,M0MDN3-IF37_200820_103001_s0a0_p6-0,-1.1561895427179256,-3.1139724930480894,-3.237214258337812
23,on1,M0MDN3-IF40,M0MDN3-IF31_200820_090938_s0a0_p6-0,-0.9611717205706218,-3.8734735524771082,-2.589391418307066
24,on1,M0MDN3-IF40,M0MDN3-IF31_200724_141409_s0a0_p6-0,-54.84625073365371,-20.519386392423225,-12.755970760828781
25,on1,M0MDN3-IF40,M0MDN3-IF31_200806_100206_s0a0_p6-0,-61.33797797531407,-14.94952763550027,-15.452397565378659
26,on1,M0MDN3-IF40,M0MDN3-IF21_200728_091903_s0a0_p6-0,-30.013955395310948,-2.273226830954995,-6.194424523403859
27,on1,M0MDN3-IF40,M0MDN3-IF21_200714_092630_s0a0_p6-0,-58.3322179746722,-3.694054569568971,-11.645306337644284
28,on1,M0MDN3-IF40,M0MDN3-IF21_200811_085502_s0a0_p6-0,-24.588223047551516,-10.015617157844183,-5.893562849453348
29,on1,M0MDN3-IF40,M0MDN3-IF27_200819_083450_s0a0_p6-0,-19.050190456773418,-4.911198943618325,-6.823040327698865
30,on1,M0MDN3-IF40,M0MDN3-IF27_200804_085004_s0a0_p6-0,-11.421890375711735,-14.396708165811294,-6.37025038609771
31,on1,M0MDN3-IF40,M0MDN3-IF27_200720_083000_s0a0_p6-0,-9.578411190062013,-6.228367787637783,-5.673673671882193
32,on1,M0MDN3-IF40,M0MDN3-IF12_200710_111204_s0a0_p6-0,-9.50375796988257,-13.837049166816499,-8.73144710558811
33,on1,M0MDN3-IF40,M0MDN3-IF12_200806_084424_s0a0_p6-0,-9.268272155100423,-10.107499274989337,-4.706064472212307
34,on1,M0MDN3-IF40,M0MDN3-IF12_200724_094302_s0a0_p6-0,-66.86026039935466,-8.659789352740429,-13.199189089355011
35,on1,M0MDN3-IF40,M0MDN3-IF4_200710_104401_s0a0_p6-0,-18.616809405970177,-0.15362405448310637,-2.2719002537330186
36,on1,M0MDN3-IF40,M0MDN3-IF4_200626_112818_s0a0_p6-0,-50.31884953478314,-17.164898596858052,-12.090120152935942
37,on1,M0MDN3-IF40,M0MDN3-IF4_200724_092500_s0a0_p6-0,-16.56103481156279,-0.49753300145838875,-3.3597238827874647
38,on1,M0MDN3-IF40,M0MDN3-IF18_200811_091010_s0a0_p6-0,,,
39,on1,M0MDN3-IF40,M0MDN3-IF18_200714_084259_s0a0_p6-0,-24.23824716820598,-9.942809438898248,-5.946365995517936
40,on1,M0MDN3-IF40,M0MDN3-IF18_200728_091310_s0a0_p6-0,-8.936673269742517,-4.768741076151043,-2.8346777437895687
41,on1,M0MDN3-IF40,M0MDN3-IF35_200807_090419_s0a0_p6-0,-14.105880912368029,-2.1222178220342354,-4.262934114114239
42,on1,M0MDN3-IF40,M0MDN3-IF35_200820_095800_s0a0_p6-0,-32.23995521026809,-2.8166249529809386,-7.125641576253957
43,on1,M0MDN3-IF40,M0MDN3-IF35_200724_130101_s0a0_p6-0,-39.22113452862998,-21.966785902132383,-12.824927789846704
44,on1,M0MDN3-IF40,M0MDN3-IF30_200820_090602_s0a0_p6-0,-29.367575572328462,-7.955069260695933,-6.606480416504169
45,on1,M0MDN3-IF40,M0MDN3-IF30_200724_142301_s0a0_p6-0,-35.37845711856279,-19.48108048092334,-11.27061754726358
46,on1,M0MDN3-IF40,M0MDN3-IF30_200806_095902_s0a0_p6-0,-11.094513789446438,-0.029335483920851137,-0.7691856323552023
47,on1,M0MDN3-IF40,M0MDN3-IF34_200724_131640_s0a0_p6-0,-39.19115129793597,-10.984321162725193,-7.550934098755974
48,on1,M0MDN3-IF40,M0MDN3-IF26_200730_105801_s0a0_p6-0,-24.77186383447647,-0.18744166766013692,-3.1891706774799857
49,on1,M0MDN3-IF40,M0MDN3-IF26_200813_090907_s0a0_p6-0,-48.49808408424986,-12.482457776098606,-10.499295861650708
50,on1,M0MDN3-IF40,M0MDN3-IF26_200717_112413_s0a0_p6-0,-81.62218468204253,-27.151384918224135,-16.623356259434264
51,on1,M0MDN3-IF40,M0MDN3-IF20_200714_090130_s0a0_p6-0,-13.983934910960802,-11.559348505580394,-8.983803086724574
52,on1,M0MDN3-IF40,M0MDN3-IF20_200728_091620_s0a0_p6-0,-4.313193473154462,-5.6451653573218366,-5.293785203023923
53,on1,M0MDN3-IF40,M0MDN3-IF11_200717_095716_s0a0_p6-0,-24.77171286929908,-6.936186015276819,-4.488575004958742
54,on1,M0MDN3-IF40,M0MDN3-IF11_200702_114201_s0a0_p6-0,-7.563401607691799,-4.42908108470734,-6.565047425020884
55,on1,M0MDN3-IF40,M0MDN3-IF11_200730_101601_s0a0_p6-0,-27.90975237588377,-8.259942002670618,-5.108854269581179
56,on1,M0MDN3-IF40,M0MDN3-IF3_200626_111806_s0a0_p6-0,-95.22169106104825,-8.765421089508594,-12.611830355669928
57,on1,M0MDN3-IF40,M0MDN3-IF3_200724_091136_s0a0_p6-0,-36.18878145685448,-15.587194998775331,-10.266115145920082
58,on1,M0MDN3-IF40,M0MDN3-IF3_200710_103901_s0a0_p6-0,-31.846815393352642,-5.8349848134902755,-7.451362196575438
59,on1,M0MDN3-IF40,M0MDN3-IF22_200714_093235_s0a0_p6-0,-8.138908154884334,-8.531656202147351,-7.035616611365674
60,on1,M0MDN3-IF40,M0MDN3-IF22_200728_092244_s0a0_p6-0,-8.724544310408383,-2.6711140387889305,-5.207082098288401
61,on1,M0MDN3-IF40,M0MDN3-IF1_200626_103303_s0a0_p6-0,-8.282721397016765,-6.283502077030644,-4.4316830781224406
62,on1,M0MDN3-IF40,M0MDN3-IF1_200710_103631_s0a0_p6-0,-16.355595826062153,-2.857653388669022,-7.3765818606289395
63,on1,M0MDN3-IF40,M0MDN3-IF16_200806_092512_s0a0_p6-0,-50.394374383179006,-9.390199798813114,-7.582908817003809
64,on1,M0MDN3-IF40,M0MDN3-IF16_200724_104618_s0a0_p6-0,-6.386953561645204,-6.3161831155122865,-3.907684386372107
65,on1,M0MDN3-IF40,M0MDN3-IF16_200710_125100_s0a0_p6-0,-43.29497481850007,-18.416018724787783,-8.861048791270532
66,on1,M0MDN3-IF40,M0MDN3-IF13_200806_084957_s0a0_p6-0,-18.87408582013533,-8.47935021637318,-4.915225351053641
67,on1,M0MDN3-IF40,M0MDN3-IF13_200724_095013_s0a0_p6-0,-101.67479518900785,-10.140872289295684,-10.322789932806662
68,on1,M0MDN3-IF40,M0MDN3-IF13_200710_111458_s0a0_p6-0,-29.66592944378396,-10.231262915381306,-10.071866028143422
69,on1,M0MDN3-IF40,M0MDN3-IF19_200728_091015_s0a0_p6-0,-25.501216250694252,-3.9956420688876664,-3.6365381314194147
70,on1,M0MDN3-IF40,M0MDN3-IF19_200714_085128_s0a0_p6-0,-2.6347978188624914,-5.0853163277802915,-3.338059263289053
71,on1,M0MDN3-IF40,M0MDN3-IF19_200811_091609_s0a0_p6-0,-3.385900247641581,-3.402258612558812,-3.3470056819509915
72,on1,M0MDN3-IF40,M0MDN3-IF7_200730_093706_s0a0_p6-0,-26.52744444847312,-13.776484288178256,-7.853417622376947
73,on1,M0MDN3-IF40,M0MDN3-IF7_200717_091116_s0a0_p6-0,-14.899102125750753,-2.326228712931801,-4.087842919171564
74,on1,M0MDN3-IF40,M0MDN3-IF7_200702_101710_s0a0_p6-0,-11.300809077970463,-8.57796994043759,-6.235080150217006
75,on1,M0MDN3-IF40,M0MDN3-IF14_200724_100137_s0a0_p6-0,-85.2653876301108,-9.216662238119042,-10.599068512186113
76,on1,M0MDN3-IF40,M0MDN3-IF14_200710_121555_s0a0_p6-0,-73.3399287240721,-17.931865147885006,-10.22434963195719
77,on1,M0MDN3-IF40,M0MDN3-IF14_200806_085601_s0a0_p6-0,,,
78,on1,M0MDN3-IF40,M0MDN3-IF23_200717_104901_s0a0_p6-0,,,
79,on1,M0MDN3-IF40,M0MDN3-IF23_200813_084503_s0a0_p6-0,-9.708024910273304,-17.87795556868086,-7.909653796624784
80,on1,M0MDN3-IF40,M0MDN3-IF23_200730_102502_s0a0_p6-0,-18.33776593228881,-5.801981213555653,-3.7357530317697467
81,on1,M0MDN3-IF40,M0MDN3-IF6_200702_100502_s0a0_p6-0,,,
82,on1,M0MDN3-IF40,M0MDN3-IF6_200730_093001_s0a0_p6-0,-32.36761601285252,-3.922521577577045,-7.9670566238653455
83,on1,M0MDN3-IF40,M0MDN3-IF6_200717_090558_s0a0_p6-0,-33.838920904649676,-2.4105222577830174,-7.654308931856213
84,on1,M0MDN3-IF40,M0MDN3-IF38_200724_114101_s0a0_p6-0,,,
85,on1,M0MDN3-IF40,M0MDN3-IF38_200807_093902_s0a0_p6-0,-23.062400085640913,-18.331719311266934,-10.317265633831678
86,on1,M0MDN3-IF40,M0MDN3-IF32_200820_091902_s0a0_p6-0,-4.255686759611,-8.97939300950717,-6.234230029563391
87,on1,M0MDN3-IF40,M0MDN3-IF32_200807_082912_s0a0_p6-0,-8.900415247484469,-3.966930309492857,-3.5248619360432047
88,on1,M0MDN3-IF40,M0MDN3-IF32_200724_140200_s0a0_p6-0,-25.72584062911983,-2.561023157722821,-8.725475985262245
89,on1,M0MDN3-IF40,M0MDN3-IF36_200820_102102_s0a0_p6-0,-15.914220733387253,-10.468936549271675,-6.4111441015580235
90,on1,M0MDN3-IF40,M0MDN3-IF36_200807_091901_s0a0_p6-0,-37.47395782447134,-5.821493773806184,-5.012452640723853
91,on1,M0MDN3-IF40,M0MDN3-IF36_200724_123600_s0a0_p6-0,-12.638092040453413,-20.03244107609087,-10.43176529186803
92,on1,M0MDN3-IF40,M0MDN3-IF8_200717_092001_s0a0_p6-0,-27.54571267072327,-0.9952067729446263,-6.450260890423352
93,on1,M0MDN3-IF40,M0MDN3-IF8_200702_104658_s0a0_p6-0,-81.31435501739224,-14.906536607187011,-9.4825653285106
94,on1,M0MDN3-IF40,M0MDN3-IF8_200730_094645_s0a0_p6-0,,,
95,on1,M0MDN3-IF40,M0MDN3-IF5_200626_113528_s0a0_p6-0,-100.31645454572124,-8.478506123337374,-16.861844732830498
96,on1,M0MDN3-IF40,M0MDN3-IF5_200724_092230_s0a0_p6-0,-15.472593698124143,-4.7978062264463235,-3.731580835359674
97,on1,M0MDN3-IF40,M0MDN3-IF5_200710_102306_s0a0_p6-0,-29.13480612676373,-10.84941408316675,-6.977632941635559
98,on1,M0MDN3-IF40,M0MDN3-IF28_200724_144300_s0a0_p6-0,-68.99865266264996,-17.52255273389288,-15.200835342766407
99,on1,M0MDN3-IF40,M0MDN3-IF15_200710_120751_s0a0_p6-0,-1.3770485940288146,-4.582894051148758,-4.95825819429601
100,on1,M0MDN3-IF40,M0MDN3-IF15_200806_090507_s0a0_p6-0,-7.946405311598302,-2.0430214324215537,-4.999678306802042
101,on1,M0MDN3-IF40,M0MDN3-IF15_200724_105907_s0a0_p6-0,-9.188578352274407,-7.504174791381091,-5.922289766332131
102,on1,M0MDN3-IF40,M0MDN3-IF17_200724_104101_s0a0_p6-0,-8.032800386372228,-7.3908507057104895,-5.217217067114929
103,on1,M0MDN3-IF40,M0MDN3-IF17_200710_124201_s0a0_p6-0,-60.4609939991761,-11.39333738571745,-8.823160093556776
104,on1,M0MDN3-IF40,M0MDN3-IF24_200813_090020_s0a0_p6-0,-30.11594523848267,-10.180267066731945,-6.333818081456101
105,on1,M0MDN3-IF40,M0MDN3-IF24_200717_104007_s0a0_p6-0,-62.543983678805056,0.0,2.9884952078858804
106,on1,M0MDN3-IF40,M0MDN3-IF24_200730_103806_s0a0_p6-0,-61.2922421718896,-13.176820335024203,-9.480205035681271
0,on2,M0MDN3-IF40,M0MDN3-IF40_200820_104545_s0a0_p6-0,-53.062105145160444,-18.9041356533813,-14.817851407705788
1,on2,M0MDN3-IF40,M0MDN3-IF40_200724_111904_s0a0_p6-0,-50.66696203650535,-11.986747625750233,-11.008083333103873
2,on2,M0MDN3-IF40,M0MDN3-IF40_200807_095501_s0a0_p6-0,-80.40921549392759,-1.5676371545270777,-7.164238196216548
3,on2,M0MDN3-IF40,M0MDN3-IF9_200702_105651_s0a0_p6-0,-33.83315259192991,-13.17093169878136,-7.973596938114418
4,on2,M0MDN3-IF40,M0MDN3-IF9_200717_094831_s0a0_p6-0,-38.89876225203536,-9.331646959750493,-7.949332084146471
5,on2,M0MDN3-IF40,M0MDN3-IF2_200724_090802_s0a0_p6-0,-34.40233746164757,-14.435792071358563,-6.745086625590476
6,on2,M0MDN3-IF40,M0MDN3-IF2_200626_104416_s0a0_p6-0,,,
7,on2,M0MDN3-IF40,M0MDN3-IF2_200710_102600_s0a0_p6-0,-19.474110508258253,-5.9118403111140125,-5.318313223237279
8,on2,M0MDN3-IF40,M0MDN3-IF25_200813_090614_s0a0_p6-0,-20.115117432610468,-14.216761801398189,-6.107183573585511
9,on2,M0MDN3-IF40,M0MDN3-IF25_200730_105105_s0a0_p6-0,,,
10,on2,M0MDN3-IF40,M0MDN3-IF25_200717_111201_s0a0_p6-0,,,
11,on2,M0MDN3-IF40,M0MDN3-IF29_200724_143700_s0a0_p6-0,-32.06468310461846,-18.258847148359212,-9.696208520862477
12,on2,M0MDN3-IF40,M0MDN3-IF33_200820_094301_s0a0_p6-0,-2.2801108350034656,-2.0210494366528615,-2.763552752820419
13,on2,M0MDN3-IF40,M0MDN3-IF33_200807_084402_s0a0_p6-0,-13.346782374197408,-10.37490004244225,-6.4241836137705395
14,on2,M0MDN3-IF40,M0MDN3-IF33_200724_132700_s0a0_p6-0,-35.15877175191515,-3.047101728589776,-9.904232211558972
15,on2,M0MDN3-IF40,M0MDN3-IF39_200807_095201_s0a0_p6-0,-19.71736028631325,-1.7647854525754805,-4.5243983321748615
16,on2,M0MDN3-IF40,M0MDN3-IF39_200820_104212_s0a0_p6-0,-70.55994775209598,-6.306588264415322,-8.880147786418602
17,on2,M0MDN3-IF40,M0MDN3-IF39_200724_113202_s0a0_p6-0,-83.32933163575599,-2.7537363702347175,-11.500570549739056
18,on2,M0MDN3-IF40,M0MDN3-IF10_200702_113303_s0a0_p6-0,-23.3010305335114,-1.1518280128086824,-5.522242222117947
19,on2,M0MDN3-IF40,M0MDN3-IF10_200717_095400_s0a0_p6-0,-29.454260003764546,-0.41775856555745916,-4.956759184588374
20,on2,M0MDN3-IF40,M0MDN3-IF37_200724_124926_s0a0_p6-0,-5.961823316987625,-7.046635997375671,-9.621522486652953
21,on2,M0MDN3-IF40,M0MDN3-IF37_200807_092201_s0a0_p6-0,-25.02174176146698,-4.700448505041019,-4.6519161417531745
22,on2,M0MDN3-IF40,M0MDN3-IF37_200820_103001_s0a0_p6-0,-10.144726125755136,-1.6561687603920014,-4.4652736465594325
23,on2,M0MDN3-IF40,M0MDN3-IF31_200820_090938_s0a0_p6-0,-14.878302832449961,-0.3282079454600342,-3.132644217338114
24,on2,M0MDN3-IF40,M0MDN3-IF31_200724_141409_s0a0_p6-0,,,
25,on2,M0MDN3-IF40,M0MDN3-IF31_200806_100206_s0a0_p6-0,-77.89445059197773,-17.841319887075645,-16.48522070966185
26,on2,M0MDN3-IF40,M0MDN3-IF21_200728_091903_s0a0_p6-0,-39.401445595572945,-10.210532442400645,-6.372274234272722
27,on2,M0MDN3-IF40,M0MDN3-IF21_200714_092630_s0a0_p6-0,,,
28,on2,M0MDN3-IF40,M0MDN3-IF21_200811_085502_s0a0_p6-0,-28.284329179126214,-10.799770181017237,-6.050254966461114
29,on2,M0MDN3-IF40,M0MDN3-IF27_200819_083450_s0a0_p6-0,-4.5886516893861184,-7.7298783230963695,-5.754421847156734
30,on2,M0MDN3-IF40,M0MDN3-IF27_200804_085004_s0a0_p6-0,-39.25540613771353,-14.00091083445393,-8.249245310290844
31,on2,M0MDN3-IF40,M0MDN3-IF27_200720_083000_s0a0_p6-0,-9.637154283309668,-5.0630626278593445,-7.262016803878304
32,on2,M0MDN3-IF40,M0MDN3-IF12_200710_111204_s0a0_p6-0,-40.524777703080105,-11.354739831847944,-7.609958095430955
33,on2,M0MDN3-IF40,M0MDN3-IF12_200806_084424_s0a0_p6-0,-22.423871318363705,-2.740781956017689,-5.993491241898691
34,on2,M0MDN3-IF40,M0MDN3-IF12_200724_094302_s0a0_p6-0,-71.47989683576101,-8.887759254247124,-9.288412001833404
35,on2,M0MDN3-IF40,M0MDN3-IF4_200710_104401_s0a0_p6-0,-19.365556341674115,-3.0982726898752024,-3.934616724642429
36,on2,M0MDN3-IF40,M0MDN3-IF4_200626_112818_s0a0_p6-0,-44.86252357758083,-6.6918256456664755,-12.720735636195206
37,on2,M0MDN3-IF40,M0MDN3-IF4_200724_092500_s0a0_p6-0,-7.242606599589132,-0.8977637585343093,-3.5229828968826973
38,on2,M0MDN3-IF40,M0MDN3-IF18_200811_091010_s0a0_p6-0,-25.310420328957687,-0.3049458025637336,-3.8386185626574303
39,on2,M0MDN3-IF40,M0MDN3-IF18_200714_084259_s0a0_p6-0,-21.387596747914394,-6.690060260057782,-4.338674951312396
40,on2,M0MDN3-IF40,M0MDN3-IF18_200728_091310_s0a0_p6-0,-16.53026194066103,-5.85596293050287,-4.493506454306182
41,on2,M0MDN3-IF40,M0MDN3-IF35_200807_090419_s0a0_p6-0,-8.183752624723203,-0.5993478126937581,-2.8306453785672088
42,on2,M0MDN3-IF40,M0MDN3-IF35_200820_095800_s0a0_p6-0,-56.78509475157346,-17.364952698249265,-9.974425311186955
43,on2,M0MDN3-IF40,M0MDN3-IF35_200724_130101_s0a0_p6-0,-27.479518523225483,-3.680594060847838,-6.088519040627967
44,on2,M0MDN3-IF40,M0MDN3-IF30_200820_090602_s0a0_p6-0,-6.03050977083725,-1.3680181217185616,-3.1168328920346378
45,on2,M0MDN3-IF40,M0MDN3-IF30_200724_142301_s0a0_p6-0,,,
46,on2,M0MDN3-IF40,M0MDN3-IF30_200806_095902_s0a0_p6-0,-12.935842663913634,-10.919397537948859,-5.411376389250168
47,on2,M0MDN3-IF40,M0MDN3-IF34_200724_131640_s0a0_p6-0,-19.91530686728226,-7.75921696476597,-6.56666748010189
48,on2,M0MDN3-IF40,M0MDN3-IF26_200730_105801_s0a0_p6-0,-25.115375014521426,-8.975642799852682,-6.1955696034603704
49,on2,M0MDN3-IF40,M0MDN3-IF26_200813_090907_s0a0_p6-0,,,
50,on2,M0MDN3-IF40,M0MDN3-IF26_200717_112413_s0a0_p6-0,-5.803499473320449,-17.202377069862536,-9.22573663490567
51,on2,M0MDN3-IF40,M0MDN3-IF20_200714_090130_s0a0_p6-0,-49.08780829817902,-1.1064551584886084,-6.54737262736528
52,on2,M0MDN3-IF40,M0MDN3-IF20_200728_091620_s0a0_p6-0,-69.34649694621226,-3.8530555901738412,-7.470288112244926
53,on2,M0MDN3-IF40,M0MDN3-IF11_200717_095716_s0a0_p6-0,-13.246525763062808,-5.215962432463454,-2.344838940028058
54,on2,M0MDN3-IF40,M0MDN3-IF11_200702_114201_s0a0_p6-0,-23.991854919366318,-0.9852154560956536,-5.856176030260446
55,on2,M0MDN3-IF40,M0MDN3-IF11_200730_101601_s0a0_p6-0,-1.0959048563298726,-6.072043876096332,-3.6859298522108515
56,on2,M0MDN3-IF40,M0MDN3-IF3_200626_111806_s0a0_p6-0,,,
57,on2,M0MDN3-IF40,M0MDN3-IF3_200724_091136_s0a0_p6-0,-52.934488639873514,-3.27258668032933,-10.636591374841059
58,on2,M0MDN3-IF40,M0MDN3-IF3_200710_103901_s0a0_p6-0,-6.992852755375592,-6.291702107441772,-3.82735246717607
59,on2,M0MDN3-IF40,M0MDN3-IF22_200714_093235_s0a0_p6-0,-8.675972012427602,-7.659099801565489,-7.150409062441829
60,on2,M0MDN3-IF40,M0MDN3-IF22_200728_092244_s0a0_p6-0,-3.149532613987927,-0.7022975537713068,-2.2909890571988014
61,on2,M0MDN3-IF40,M0MDN3-IF1_200626_103303_s0a0_p6-0,-18.176278251368,-3.9798543330400564,-6.310658587532836
62,on2,M0MDN3-IF40,M0MDN3-IF1_200710_103631_s0a0_p6-0,-26.967523463723268,-5.7350893698222265,-5.875765653162907
63,on2,M0MDN3-IF40,M0MDN3-IF16_200806_092512_s0a0_p6-0,-61.36886112492512,-17.453085557891075,-8.895895370221087
64,on2,M0MDN3-IF40,M0MDN3-IF16_200724_104618_s0a0_p6-0,-2.667873560989815,-5.071226712739036,-2.8671209064547245
65,on2,M0MDN3-IF40,M0MDN3-IF16_200710_125100_s0a0_p6-0,-7.437227191592663,-15.966080315355741,-13.492862988868053
66,on2,M0MDN3-IF40,M0MDN3-IF13_200806_084957_s0a0_p6-0,-36.355438456006546,-8.714207397173205,-7.021009443072222
67,on2,M0MDN3-IF40,M0MDN3-IF13_200724_095013_s0a0_p6-0,-80.44099198929429,-9.086343384121827,-13.789337690351447
68,on2,M0MDN3-IF40,M0MDN3-IF13_200710_111458_s0a0_p6-0,-21.78416320013009,-7.001432196600252,-7.617790092327186
69,on2,M0MDN3-IF40,M0MDN3-IF19_200728_091015_s0a0_p6-0,-19.525403046416198,-3.8496896431812795,-4.37140087923479
70,on2,M0MDN3-IF40,M0MDN3-IF19_200714_085128_s0a0_p6-0,-28.056606328561926,-8.101891938533324,-8.37758328729123
71,on2,M0MDN3-IF40,M0MDN3-IF19_200811_091609_s0a0_p6-0,-8.025926963476984,-8.405808611653166,-6.287341132877714
72,on2,M0MDN3-IF40,M0MDN3-IF7_200730_093706_s0a0_p6-0,-20.163121215509097,-3.6970122308064983,-5.551547141639307
73,on2,M0MDN3-IF40,M0MDN3-IF7_200717_091116_s0a0_p6-0,,,
74,on2,M0MDN3-IF40,M0MDN3-IF7_200702_101710_s0a0_p6-0,-15.510460635971304,-1.4251188107285784,-5.065923426149151
75,on2,M0MDN3-IF40,M0MDN3-IF14_200724_100137_s0a0_p6-0,-47.82986986572351,-13.026804225953148,-8.325725639317222
76,on2,M0MDN3-IF40,M0MDN3-IF14_200710_121555_s0a0_p6-0,-26.963426502729686,-1.6405549114186415,-6.738965130732381
77,on2,M0MDN3-IF40,M0MDN3-IF14_200806_085601_s0a0_p6-0,-80.77649557778112,-14.25064727094928,-8.471892814428134
78,on2,M0MDN3-IF40,M0MDN3-IF23_200717_104901_s0a0_p6-0,-47.69827791964313,-9.213423475290174,-9.428369985426297
79,on2,M0MDN3-IF40,M0MDN3-IF23_200813_084503_s0a0_p6-0,-9.537852778147593,-4.663648322680581,-7.282097934311647
80,on2,M0MDN3-IF40,M0MDN3-IF23_200730_102502_s0a0_p6-0,-21.946864682338344,-5.032499485980977,-4.5804524431307625
81,on2,M0MDN3-IF40,M0MDN3-IF6_200702_100502_s0a0_p6-0,-14.655741910530278,-1.1736938257120118,-5.216928236439175
82,on2,M0MDN3-IF40,M0MDN3-IF6_200730_093001_s0a0_p6-0,-19.90365038312374,-1.2689545061368595,-3.982356457111078
83,on2,M0MDN3-IF40,M0MDN3-IF6_200717_090558_s0a0_p6-0,,,
84,on2,M0MDN3-IF40,M0MDN3-IF38_200724_114101_s0a0_p6-0,,,
85,on2,M0MDN3-IF40,M0MDN3-IF38_200807_093902_s0a0_p6-0,-110.46268936783981,-11.366228686299564,-11.197710885107782
86,on2,M0MDN3-IF40,M0MDN3-IF32_200820_091902_s0a0_p6-0,-0.6691615291862854,-4.42089809241302,-2.722998597377109
87,on2,M0MDN3-IF40,M0MDN3-IF32_200807_082912_s0a0_p6-0,-25.174532674330024,-0.7140350863967034,-5.3872363059504575
88,on2,M0MDN3-IF40,M0MDN3-IF32_200724_140200_s0a0_p6-0,-19.384829177161734,-1.4401196229930304,-4.808038786382824
89,on2,M0MDN3-IF40,M0MDN3-IF36_200820_102102_s0a0_p6-0,-7.816716780730743,-1.7291393495933283,-3.5658019913256975
90,on2,M0MDN3-IF40,M0MDN3-IF36_200807_091901_s0a0_p6-0,-14.49584556910859,-1.2174945172749274,-3.813302690379715
91,on2,M0MDN3-IF40,M0MDN3-IF36_200724_123600_s0a0_p6-0,-54.31152793245104,-11.9725441958563,-12.564073376457955
92,on2,M0MDN3-IF40,M0MDN3-IF8_200717_092001_s0a0_p6-0,,,
93,on2,M0MDN3-IF40,M0MDN3-IF8_200702_104658_s0a0_p6-0,-39.93460260991054,-8.966795478078545,-9.213572877169518
94,on2,M0MDN3-IF40,M0MDN3-IF8_200730_094645_s0a0_p6-0,-39.00309549702521,-10.76194810654084,-8.162522158332315
95,on2,M0MDN3-IF40,M0MDN3-IF5_200626_113528_s0a0_p6-0,-69.198168742731,-15.22308824848849,-14.16368671410539
96,on2,M0MDN3-IF40,M0MDN3-IF5_200724_092230_s0a0_p6-0,-2.720289383557603,-3.642776078853944,-4.038301416130977
97,on2,M0MDN3-IF40,M0MDN3-IF5_200710_102306_s0a0_p6-0,-40.68667133778741,-10.146103870367508,-8.700843225489475
98,on2,M0MDN3-IF40,M0MDN3-IF28_200724_144300_s0a0_p6-0,,,
99,on2,M0MDN3-IF40,M0MDN3-IF15_200710_120751_s0a0_p6-0,-12.369824072919274,-8.49462684469253,-6.361967324333347
100,on2,M0MDN3-IF40,M0MDN3-IF15_200806_090507_s0a0_p6-0,-23.512001374524722,-5.666945264393338,-4.669761423394872
101,on2,M0MDN3-IF40,M0MDN3-IF15_200724_105907_s0a0_p6-0,-31.436705448384657,-6.044273865647655,-5.8411169931043245
102,on2,M0MDN3-IF40,M0MDN3-IF17_200724_104101_s0a0_p6-0,-1.826229520850298,-8.634304859037558,-4.847166095952587
103,on2,M0MDN3-IF40,M0MDN3-IF17_200710_124201_s0a0_p6-0,-21.32868300340399,-7.000713087882523,-5.718393600687624
104,on2,M0MDN3-IF40,M0MDN3-IF24_200813_090020_s0a0_p6-0,-15.698178903313844,-3.6576841856932334,-3.4661249224726296
105,on2,M0MDN3-IF40,M0MDN3-IF24_200717_104007_s0a0_p6-0,,,
106,on2,M0MDN3-IF40,M0MDN3-IF24_200730_103806_s0a0_p6-0,,,
